record_id,active_ingredient,clinical_indication,contraindications,source_file,source_sheet,source_row,species,dosage_raw,route_hint
1,Ácido Fólico (Vitamina B9),"Vitamina do Complexo B, essencial para a fabricação de DNA e RNA.",Via parenteral- risco de reações graves.,Bulário.xlsx,Cópia de Página1,2,dog,"0,1mg/kg/24h - Via oral",ORAL
1,Ácido Fólico (Vitamina B9),"Vitamina do Complexo B, essencial para a fabricação de DNA e RNA.",Via parenteral- risco de reações graves.,Bulário.xlsx,Cópia de Página1,2,cat,"0,1mg/kg/24h - Via oral",ORAL
2,Ácido Glicirrízico,"Anti-inflamatório e antialérgico menos pontente, porém mais duradouro. Tem ação semelhante às dos corticoides.","Não deve ser usado por animais com pele sensíveis, inflamadas ou com queimaduras.",Bulário.xlsx,Cópia de Página1,3,dog,"0,1-2% - Uso tópico",
2,Ácido Glicirrízico,"Anti-inflamatório e antialérgico menos pontente, porém mais duradouro. Tem ação semelhante às dos corticoides.","Não deve ser usado por animais com pele sensíveis, inflamadas ou com queimaduras.",Bulário.xlsx,Cópia de Página1,3,cat,"0,1-2% - Uso tópico",
3,Ácido Hialurônico,Mucopolissacarídeo para tratamento de sinovites e patologias articulares não infecciosas.,"Não utilizar em gestantes ou portadores de doenças gastrointestinais, hepatopatias e nefopatias.",Bulário.xlsx,Cópia de Página1,4,dog,3-5mg/kg/24h- Via oral,ORAL
4,Ácido Lático,"Acidificante, bactericida e promove a normalização de queratinização epidérmica.","Não deve ser usado por animais com pele sensíveis, inflamadas ou com queimaduras.",Bulário.xlsx,Cópia de Página1,5,dog,"0,5-2% (acidificante a antipruriginoso) 5-15% (dermatite atópica)",
4,Ácido Lático,"Acidificante, bactericida e promove a normalização de queratinização epidérmica.","Não deve ser usado por animais com pele sensíveis, inflamadas ou com queimaduras.",Bulário.xlsx,Cópia de Página1,5,cat,"0,5-2% (acidificante a antipruriginoso) 5-15% (dermatite atópica)",
5,Ácido Salicílico,"Utilizado como antisséptico, queratolítio, bacteriostático e fungicida.","Não deve ser usado por animais com pele sensíveis, inflamadas, com queimaduras, em pacientes diabéticos ou com doença vascular periférica.",Bulário.xlsx,Cópia de Página1,6,dog,2 a 10%- Uso tópico,
6,Ácido Ursodesoxicólico,"Ácido biliar colerético, litolítico e hepatoprotetor. Utilizado como adjuvante nas hepatopatias crônicas.",Não utilizar em lagomorfos.,Bulário.xlsx,Cópia de Página1,7,dog,10-15mg/kg/24h - Via oral,ORAL
6,Ácido Ursodesoxicólico,"Ácido biliar colerético, litolítico e hepatoprotetor. Utilizado como adjuvante nas hepatopatias crônicas.",Não utilizar em lagomorfos.,Bulário.xlsx,Cópia de Página1,7,cat,10-15mg/kg/24h - Via oral,ORAL
7,Alcachofra extrato seco,"Hepatoprotetor, estimulante das funções hepáticas e digestivas, controle do colesterol e da obesidade.","Não utilizar em pacientes com alterações na vesícula biliar, com hepatites ou em tratamento com anticoagulantes.",Bulário.xlsx,Cópia de Página1,8,dog,2-3mg/kg/8-12h- Via oral,ORAL
7,Alcachofra extrato seco,"Hepatoprotetor, estimulante das funções hepáticas e digestivas, controle do colesterol e da obesidade.","Não utilizar em pacientes com alterações na vesícula biliar, com hepatites ou em tratamento com anticoagulantes.",Bulário.xlsx,Cópia de Página1,8,cat,2-3mg/kg/8-12h- Via oral,ORAL
8,Alfa Bisabolol,"Óleo obtido através da camomila. Tem ação anti-inflamatória, antisséptica e cicatrizante.",Não utilizar em lesões ou em pele sensível.,Bulário.xlsx,Cópia de Página1,9,dog,"0,1-1% - Uso tópico",
8,Alfa Bisabolol,"Óleo obtido através da camomila. Tem ação anti-inflamatória, antisséptica e cicatrizante.",Não utilizar em lesões ou em pele sensível.,Bulário.xlsx,Cópia de Página1,9,cat,"0,1-1% - Uso tópico",
9,Amitriptilina,"Antidepressivo, também utilizado para para o tratamento de alterações comportamentais, prurido e automutilações. Especialmente indicado como adjuvante na doença do trato urinário baixo dos felinos. MEDICAMENTO CONTROLADO.","Não utilizar em pacientes que apresentam hipersensibilidade ao medicamento, gestantes e lactantes, pacientes cardiopatas e aqueles que estão fazendo uso de medicamentos inibidores da monoaminoxidase (IMAOs). Utilizar com cautela em pacientes diabéticos.",Bulário.xlsx,Cópia de Página1,10,dog,1-2mg/kg/24h - Via oral,ORAL
9,Amitriptilina,"Antidepressivo, também utilizado para para o tratamento de alterações comportamentais, prurido e automutilações. Especialmente indicado como adjuvante na doença do trato urinário baixo dos felinos. MEDICAMENTO CONTROLADO.","Não utilizar em pacientes que apresentam hipersensibilidade ao medicamento, gestantes e lactantes, pacientes cardiopatas e aqueles que estão fazendo uso de medicamentos inibidores da monoaminoxidase (IMAOs). Utilizar com cautela em pacientes diabéticos.",Bulário.xlsx,Cópia de Página1,10,cat,5-10mg/animal/12-24h - Via Oral,ORAL
10,Aminofilina,Broncodilatador e reversor parcial dos efeitos da xilazina,,Bulário.xlsx,Cópia de Página1,11,dog,6-10 mg/kg/q8h VO,VO
10,Aminofilina,Broncodilatador e reversor parcial dos efeitos da xilazina,,Bulário.xlsx,Cópia de Página1,11,cat,4-6 mg/kg/q8h-12h VO,VO
11,Amoxicilina,"Bactericida de amplo espectro, utilizado para doenças de pele e infecções do trato urinário e respiratório.",Avaliar o risco benefício se o animal estiver utilizando outro medicamento.,Bulário.xlsx,Cópia de Página1,12,dog,10-20mg/kg - 12h - Via oral,ORAL
11,Amoxicilina,"Bactericida de amplo espectro, utilizado para doenças de pele e infecções do trato urinário e respiratório.",Avaliar o risco benefício se o animal estiver utilizando outro medicamento.,Bulário.xlsx,Cópia de Página1,12,cat,10-20mg/kg - 12h - Via oral,ORAL
12,Amoxicilina + Clavulanato de Potássio (4:1),Antibiótico beta-lactâmico + inibidor da beta-lactamase (amplo espectro contra bactérias Gram-positivas e Gram-negativas),,Bulário.xlsx,Cópia de Página1,13,dog,"10-20 mg/kg/q12h VO (a dose é expressa em relação à amoxicilina, sendo adicionado mais 25% de clavulanato de potássio)",VO
12,Amoxicilina + Clavulanato de Potássio (4:1),Antibiótico beta-lactâmico + inibidor da beta-lactamase (amplo espectro contra bactérias Gram-positivas e Gram-negativas),,Bulário.xlsx,Cópia de Página1,13,cat,"10-20 mg/kg/q12h VO (a dose é expressa em relação à amoxicilina, sendo adicionado mais 25% de clavulanato de potássio)",VO
13,Anlodipino,"Vasodilatador utilizado para diminuir a pressão arterial, bloqueando os canais de cálcio.","Utilizar com cautela em pacientes cardíacos, com problemas hepáticos ou com risco de hipotensão.",Bulário.xlsx,Cópia de Página1,14,dog,"0,1-0,5mg/kg/12-24h- Via oral",ORAL
13,Anlodipino,"Vasodilatador utilizado para diminuir a pressão arterial, bloqueando os canais de cálcio.","Utilizar com cautela em pacientes cardíacos, com problemas hepáticos ou com risco de hipotensão.",Bulário.xlsx,Cópia de Página1,14,cat,"0,625-1,25mg/animal/12-24h- Via oral",ORAL
14,Arnica extrato glicólico,"Tem ação adstringente, anti-inflamatória. É utilizado para tratamento de edemas e hematomas.",Evitar o uso em gestantes.,Bulário.xlsx,Cópia de Página1,15,dog,1-10% - Uso tópico,
14,Arnica extrato glicólico,"Tem ação adstringente, anti-inflamatória. É utilizado para tratamento de edemas e hematomas.",Evitar o uso em gestantes.,Bulário.xlsx,Cópia de Página1,15,cat,1-10% - Uso tópico,
15,Ashwagandha,"Tem ação anti-inflamatória, ansiolítica, antidepressiva e neuroprotetora. É utilizado também para fortalecer o sistema imunológico e para controlar a glicemia.","Utilizar apenas com a orientação médica, evitar o uso em gestantes.",Bulário.xlsx,Cópia de Página1,16,dog,10-20mg/kg/24h- Via oral,ORAL
15,Ashwagandha,"Tem ação anti-inflamatória, ansiolítica, antidepressiva e neuroprotetora. É utilizado também para fortalecer o sistema imunológico e para controlar a glicemia.","Utilizar apenas com a orientação médica, evitar o uso em gestantes.",Bulário.xlsx,Cópia de Página1,16,cat,10mg/kg/24h- Via oral,ORAL
17,Astragalus,Utilizado para promover o estímulo e a melhora do sistema imunológico.,"Utilizar apenas com a orientação médica, evitar o uso em gestantes.",Bulário.xlsx,Cópia de Página1,18,dog,8mg/kg/24h - Via oral,ORAL
17,Astragalus,Utilizado para promover o estímulo e a melhora do sistema imunológico.,"Utilizar apenas com a orientação médica, evitar o uso em gestantes.",Bulário.xlsx,Cópia de Página1,18,cat,8mg/kg/24h - Via oral,ORAL
18,Azitromicina,Antibiótico bacteriostático de amplo espectro,,Bulário.xlsx,Cópia de Página1,19,dog,5-10 mg/kg q24h/VO por 3-10 d,VO
18,Azitromicina,Antibiótico bacteriostático de amplo espectro,,Bulário.xlsx,Cópia de Página1,19,cat,5-10 mg/kg q24h/VO por 3-10 d,VO
19,Benazepril,"Vasodilatador utilizado no tratamento de insuficiência cardíaca, insuficiência renal cronica e glomerulonefropatias.",Evitar o uso em gestantes.,Bulário.xlsx,Cópia de Página1,20,dog,"0,5mg/kg/24h - Via oral",ORAL
19,Benazepril,"Vasodilatador utilizado no tratamento de insuficiência cardíaca, insuficiência renal cronica e glomerulonefropatias.",Evitar o uso em gestantes.,Bulário.xlsx,Cópia de Página1,20,cat,"0,5mg/kg/24h - Via oral",ORAL
20,Berberina (Phelodendron),Indicado para hipertensão e insuficiência cardíaca. Também atua como ansiolítico e antidepressivo.,Evitar o uso em gestantes e lactantes.,Bulário.xlsx,Cópia de Página1,21,dog,5-7mg/kg/24h - Via oral,ORAL
20,Berberina (Phelodendron),Indicado para hipertensão e insuficiência cardíaca. Também atua como ansiolítico e antidepressivo.,Evitar o uso em gestantes e lactantes.,Bulário.xlsx,Cópia de Página1,21,cat,5-7mg/kg/24h - Via oral,ORAL
21,Berinjela ext seco,"Hepatoprotetor, estimulante das funções hepáticas e digestivas, controle do colesterol.",Evitar o uso em gestantes e lactantes e que apresentam hipoglicemia.,Bulário.xlsx,Cópia de Página1,22,dog,10mg/kg/24h - Via oral,ORAL
21,Berinjela ext seco,"Hepatoprotetor, estimulante das funções hepáticas e digestivas, controle do colesterol.",Evitar o uso em gestantes e lactantes e que apresentam hipoglicemia.,Bulário.xlsx,Cópia de Página1,22,cat,10mg/kg/24h - Via oral,ORAL
22,Betacaroteno,"Pigmento carotenoide e antioxidante natural. É essencial para todos os tecidos do organismo, pois atua combatendo os radicais livres, estimula o sistema imunológico e ajuda a manter o nível de anticorpos.",Não utilizar em pacientes que apresentam insuficiencia renal ou hepática.,Bulário.xlsx,Cópia de Página1,23,dog,30UI/kg/24h - Via oral,ORAL
22,Betacaroteno,"Pigmento carotenoide e antioxidante natural. É essencial para todos os tecidos do organismo, pois atua combatendo os radicais livres, estimula o sistema imunológico e ajuda a manter o nível de anticorpos.",Não utilizar em pacientes que apresentam insuficiencia renal ou hepática.,Bulário.xlsx,Cópia de Página1,23,cat,30UI/kg/24h - Via oral,ORAL
23,Betaglucana,"Auxilia no equilíbrio da microbiota intestinal, contribuindo para uma melhora na digestão e oferecendo substrato para bactérias que colonizam a região que atuam como barreira para impedir a entrada de patógenos no organismo.",Não há relatos.,Bulário.xlsx,Cópia de Página1,24,dog,10-15mg/kg/24h - Via oral,ORAL
23,Betaglucana,"Auxilia no equilíbrio da microbiota intestinal, contribuindo para uma melhora na digestão e oferecendo substrato para bactérias que colonizam a região que atuam como barreira para impedir a entrada de patógenos no organismo.",Não há relatos.,Bulário.xlsx,Cópia de Página1,24,cat,10-15mg/kg/24h - Via oral,ORAL
24,Betametasona,"Corticóide utilizado em condições inflamatórias e para o tratamento dermatoses, doenças auto-imunes e edemas.","Evitar o uso em animais que apresentam diabetes, insuficiencia renal, ulcerações do trato gastrointestinal, pancreatite, pacientes cardiopatas e com predisposição ao tromboembolismo.",Bulário.xlsx,Cópia de Página1,25,dog,"0,1-0,5mg/kg/6-8h - Via oral",ORAL
24,Betametasona,"Corticóide utilizado em condições inflamatórias e para o tratamento dermatoses, doenças auto-imunes e edemas.","Evitar o uso em animais que apresentam diabetes, insuficiencia renal, ulcerações do trato gastrointestinal, pancreatite, pacientes cardiopatas e com predisposição ao tromboembolismo.",Bulário.xlsx,Cópia de Página1,25,cat,"0,1-0,5mg/kg/6-8h - Via oral",ORAL
25,Bezafibrato,Utilizado para reduzir os níveis de triglicérides e lipoproteínas de densidade muito baixa (VLDL).,Não utilizar em pacientes que apresentam insuficiencia renal ou hepática e afecções de vesícula biliar ou fatores de riscos para doenças musculares.,Bulário.xlsx,Cópia de Página1,26,dog,3-11mg/kg/24h - Via oral,ORAL
25,Bezafibrato,Utilizado para reduzir os níveis de triglicérides e lipoproteínas de densidade muito baixa (VLDL).,Não utilizar em pacientes que apresentam insuficiencia renal ou hepática e afecções de vesícula biliar ou fatores de riscos para doenças musculares.,Bulário.xlsx,Cópia de Página1,26,cat,2mg/kg/24h - Via oral,ORAL
26,Bicarbonato de sódio,Antiácido utilizado no tratamento da acidose sistêmica e para alcalinizaão da urina. Indicado também em crises de hipercalemia e hipercalcemia.,Utilizar com cautela em pacientes com patologias renais.,Bulário.xlsx,Cópia de Página1,27,dog,(Alcalinização da urina) 50mg/kg/8-12h - Via Oral. (Insuficiência Renal) 10mg/kg/8-12 - Via Oral. (Antiácido) 2-5g dissolvidos em água.,ORAL
26,Bicarbonato de sódio,Antiácido utilizado no tratamento da acidose sistêmica e para alcalinizaão da urina. Indicado também em crises de hipercalemia e hipercalcemia.,Utilizar com cautela em pacientes com patologias renais.,Bulário.xlsx,Cópia de Página1,27,cat,(Alcalinização da urina) 50mg/kg/8-12h - Via Oral. (Insuficiência Renal) 10mg/kg/8-12 - Via Oral. (Antiácido) 2-5g dissolvidos em água.,ORAL
27,Bifidobacterium bifidum,Bactéria utilizada para diminuir o pH intestinal por produzir ácidos. Retarda a colonização de bactérias indesejáveis.,"Utilizar com cautela em pacientes diabéticos, gestantes e lactantes.",Bulário.xlsx,Cópia de Página1,28,dog,16.600.000 UFC/animal/24h (pequeno porte) 33.3300.000 UFC/animal/24h (grande porte),
27,Bifidobacterium bifidum,Bactéria utilizada para diminuir o pH intestinal por produzir ácidos. Retarda a colonização de bactérias indesejáveis.,"Utilizar com cautela em pacientes diabéticos, gestantes e lactantes.",Bulário.xlsx,Cópia de Página1,28,cat,16.600.000 UFC/animal/24h,
28,Biotina,"Suplementação utilizada para evitar fissuras, arranhaduras, hemorragias, dermatite, úlceras de sola e doença da linha branca.",Não utilizar em pacientes que apresentam hipersensibilidade á biotina.,Bulário.xlsx,Cópia de Página1,29,dog,"(Dermatose responsiva à biotina) 1,4mg/kg/24h - Via Oral",ORAL
28,Biotina,"Suplementação utilizada para evitar fissuras, arranhaduras, hemorragias, dermatite, úlceras de sola e doença da linha branca.",Não utilizar em pacientes que apresentam hipersensibilidade á biotina.,Bulário.xlsx,Cópia de Página1,29,cat,"(Dermatose responsiva à biotina) 1,4mg/kg/24h - Via Oral",ORAL
29,Boswellia serrata,"Fitoterápico com ação anti-inflamátoria não esteroidal, analgésica e imunossupressora.","Utilizar apenas com orientação médica, evitar o uso em gestantes e lactantes.",Bulário.xlsx,Cópia de Página1,30,dog,40mg/kg/24h - Via oral,ORAL
30,Brometo de potássio,Anticonvulsionante utilizado em associação ou em casos refratários ao fenobarbital.,"Não substituir o potássio por sódio em pacientes que apresentam hipertensão, insuficiencia cardíaca congestiva e hipoadrenocorticismo ou qualquer distúrbio que interfira nos níveis de potássio.",Bulário.xlsx,Cópia de Página1,31,dog,40-50mg/kg/24h (sem fenobarbital) 30-40mg/kg/24h (com fenobarbital) - Via oral,ORAL
30,Brometo de potássio,Anticonvulsionante utilizado em associação ou em casos refratários ao fenobarbital.,"Não substituir o potássio por sódio em pacientes que apresentam hipertensão, insuficiencia cardíaca congestiva e hipoadrenocorticismo ou qualquer distúrbio que interfira nos níveis de potássio.",Bulário.xlsx,Cópia de Página1,31,cat,30mg/kg/24h - Via oral,ORAL
31,Budesonida,Glucocorticóide utilizado para o tratamento patologias inflamatórias intestinais.,"Utilizar com cautela em pacientes com patologias renais, com problemas de úlcera ou infecções, diabéticos ou com predisposição a tromboembolismo.",Bulário.xlsx,Cópia de Página1,32,dog,(cães pequenos) 1mg/kg/24h (cães grandes) 2mg/kg/24h - Via Oral Preferir cápsulas entéricas.,ORAL
31,Budesonida,Glucocorticóide utilizado para o tratamento patologias inflamatórias intestinais.,"Utilizar com cautela em pacientes com patologias renais, com problemas de úlcera ou infecções, diabéticos ou com predisposição a tromboembolismo.",Bulário.xlsx,Cópia de Página1,32,cat,1mg/kg/24h - Via oral Preferir cápsulas entéricas.,ORAL
32,Cálcio quelato,"Auxilia na sinalização das células de defesa, previne e trata hipocalemias, protege mucosas e tem ação antiácida.",Evitar o uso em pacientes com risco de cálculos renais e vesicais contendo cálcio.,Bulário.xlsx,Cópia de Página1,33,dog,2-4mg/kg/24h - Via oral,ORAL
32,Cálcio quelato,"Auxilia na sinalização das células de defesa, previne e trata hipocalemias, protege mucosas e tem ação antiácida.",Evitar o uso em pacientes com risco de cálculos renais e vesicais contendo cálcio.,Bulário.xlsx,Cópia de Página1,33,cat,2-4mg/kg/24h - Via oral,ORAL
33,Camomila,"Extrato fluido com ação calmante, protetora de tecidos e cicatrizante.","Contraindicado para gestantes e lactantes, pode provocar intoxicação.",Bulário.xlsx,Cópia de Página1,34,dog,"0,5-5%- Uso tópico",
33,Camomila,"Extrato fluido com ação calmante, protetora de tecidos e cicatrizante.","Contraindicado para gestantes e lactantes, pode provocar intoxicação.",Bulário.xlsx,Cópia de Página1,34,cat,"0,5-5%- Uso tópico",
34,Carbonato de cálcio,Indicado para animais com deficiência de Cálcio (hipocalcemias).,Evitar o uso em pacientes com risco de cálculos renais e vesicais contendo cálcio.,Bulário.xlsx,Cópia de Página1,35,dog,30-50mg/kg/8-12h - Via oral,ORAL
34,Carbonato de cálcio,Indicado para animais com deficiência de Cálcio (hipocalcemias).,Evitar o uso em pacientes com risco de cálculos renais e vesicais contendo cálcio.,Bulário.xlsx,Cópia de Página1,35,cat,30-50mg/kg/8-12h - Via oral,ORAL
35,Carprofeno,"Atua como anti-inflamatório, antipirético e analgésico. Pode ser utilizado também para tratar osteoartrite em cães.","Consultar o médico veterinário para uso em gatos. Utilizar com cautela em pacientes com patologias renais, hepáticas ou desordens coagulatórias.",Bulário.xlsx,Cópia de Página1,36,dog,"2,2mg/kg/12h ou 4,4mg/kg/24h Via oral",ORAL
36,Cefalexina,"Bactericida utilizado para tratar otite externa, prostatite e infecções do trato respiratório, digestivo, urinário, ósseo, articulares e genitais.",Evitar o uso em pacientes que apresentam hipersensibilidade ás cefalosporinas ou penicilinas.,Bulário.xlsx,Cópia de Página1,37,dog,20-50mg/kg/8-12h - Via oral,ORAL
36,Cefalexina,"Bactericida utilizado para tratar otite externa, prostatite e infecções do trato respiratório, digestivo, urinário, ósseo, articulares e genitais.",Evitar o uso em pacientes que apresentam hipersensibilidade ás cefalosporinas ou penicilinas.,Bulário.xlsx,Cópia de Página1,37,cat,20-50mg/kg/8-12h - Via oral,ORAL
37,Ceramidas (Biocerym),Hidratante e restaurador de pele e pelos dos animais. Forma uma camada de gordura que evita a perda de água das células.,Não há relatos.,Bulário.xlsx,Cópia de Página1,38,dog,"0,05-1% - Uso tópico",
37,Ceramidas (Biocerym),Hidratante e restaurador de pele e pelos dos animais. Forma uma camada de gordura que evita a perda de água das células.,Não há relatos.,Bulário.xlsx,Cópia de Página1,38,cat,"0,05-1% - Uso tópico",
38,Cetoanálogo fenilalanina,"Suplementação de aminoácidos, indicada para o tratamento adjuvante da insuficiência renal crônica e outras condições que levem a uremia.","Não indicado para pacientes com hipertensão grave, função renal residual crítica, com doenças infecciosas, complicações como pericardite e neurite, proteinúria grave e tendência a hipercalemia.",Bulário.xlsx,Cópia de Página1,39,dog,"16,6mg/kg/24h - Via oral",ORAL
38,Cetoanálogo fenilalanina,"Suplementação de aminoácidos, indicada para o tratamento adjuvante da insuficiência renal crônica e outras condições que levem a uremia.","Não indicado para pacientes com hipertensão grave, função renal residual crítica, com doenças infecciosas, complicações como pericardite e neurite, proteinúria grave e tendência a hipercalemia.",Bulário.xlsx,Cópia de Página1,39,cat,"16,6mg/kg/24h - Via oral",ORAL
39,Cetoanálogo isoleucina,"Suplementação de aminoácidos, indicada para o tratamento adjuvante da insuficiência renal crônica e outras condições que levem a uremia.","Não indicado para pacientes com hipertensão grave, função renal residual crítica, com doenças infecciosas, complicações como pericardite e neurite, proteinúria grave e tendência a hipercalemia.",Bulário.xlsx,Cópia de Página1,40,dog,"13,4mg/kg24h - Via oral",ORAL
39,Cetoanálogo isoleucina,"Suplementação de aminoácidos, indicada para o tratamento adjuvante da insuficiência renal crônica e outras condições que levem a uremia.","Não indicado para pacientes com hipertensão grave, função renal residual crítica, com doenças infecciosas, complicações como pericardite e neurite, proteinúria grave e tendência a hipercalemia.",Bulário.xlsx,Cópia de Página1,40,cat,"13,4mg/kg24h - Via oral",ORAL
40,Cetoanálogo leucina,"Suplementação de aminoácidos, indicada para o tratamento adjuvante da insuficiência renal crônica e outras condições que levem a uremia.","Não indicado para pacientes com hipertensão grave, função renal residual crítica, com doenças infecciosas, complicações como pericardite e neurite, proteinúria grave e tendência a hipercalemia.",Bulário.xlsx,Cópia de Página1,41,dog,"20,2mg/kg/24h - Via oral",ORAL
40,Cetoanálogo leucina,"Suplementação de aminoácidos, indicada para o tratamento adjuvante da insuficiência renal crônica e outras condições que levem a uremia.","Não indicado para pacientes com hipertensão grave, função renal residual crítica, com doenças infecciosas, complicações como pericardite e neurite, proteinúria grave e tendência a hipercalemia.",Bulário.xlsx,Cópia de Página1,41,cat,"20,2mg/kg/24h - Via oral",ORAL
41,Cetoanálogo metionina,"Suplementação de aminoácidos, indicada para o tratamento adjuvante da insuficiência renal crônica e outras condições que levem a uremia.","Não indicado para pacientes com hipertensão grave, função renal residual crítica, com doenças infecciosas, complicações como pericardite e neurite, proteinúria grave e tendência a hipercalemia.",Bulário.xlsx,Cópia de Página1,42,dog,"11,8mg/kg/24h - Via Oral",ORAL
41,Cetoanálogo metionina,"Suplementação de aminoácidos, indicada para o tratamento adjuvante da insuficiência renal crônica e outras condições que levem a uremia.","Não indicado para pacientes com hipertensão grave, função renal residual crítica, com doenças infecciosas, complicações como pericardite e neurite, proteinúria grave e tendência a hipercalemia.",Bulário.xlsx,Cópia de Página1,42,cat,"11,8mg/kg/24h - Via Oral",ORAL
42,Cetoanálogo valina,"Suplementação de aminoácidos, indicada para o tratamento adjuvante da insuficiência renal crônica e outras condições que levem a uremia.","Não indicado para pacientes com hipertensão grave, função renal residual crítica, com doenças infecciosas, complicações como pericardite e neurite, proteinúria grave e tendência a hipercalemia.",Bulário.xlsx,Cópia de Página1,43,dog,"17,2mg/kg/24h - Via Oral",ORAL
42,Cetoanálogo valina,"Suplementação de aminoácidos, indicada para o tratamento adjuvante da insuficiência renal crônica e outras condições que levem a uremia.","Não indicado para pacientes com hipertensão grave, função renal residual crítica, com doenças infecciosas, complicações como pericardite e neurite, proteinúria grave e tendência a hipercalemia.",Bulário.xlsx,Cópia de Página1,43,cat,"17,2mg/kg/24h - Via Oral",ORAL
43,Cetoconazol,"Fungicina, fungiostático. Indicado para hiperadrenocorticismo canino (síndrome de Cushing).",Evitar o uso em gestantes e em animais com insuficência hepática.,Bulário.xlsx,Cópia de Página1,44,dog,5-10mg/kg/12-24h - Via oral. 2% - Uso tópico,ORAL
43,Cetoconazol,"Fungicina, fungiostático. Indicado para hiperadrenocorticismo canino (síndrome de Cushing).",Evitar o uso em gestantes e em animais com insuficência hepática.,Bulário.xlsx,Cópia de Página1,44,cat,5-10mg/kg/24h - Via oral 2% - Uso tópico,ORAL
45,Chitosan (fibra de crustáceo),Polissacarídeo aglutinante de gordura antes da sua absorção. Auxilia na perda de peso.,"Não deve ser utilizado em animais que apresentam alergia a crustáceos, gestantes, lactantes e que façam o uso de anticoagulantes.",Bulário.xlsx,Cópia de Página1,46,dog,10-20mg/kg/24h- Via oral,ORAL
45,Chitosan (fibra de crustáceo),Polissacarídeo aglutinante de gordura antes da sua absorção. Auxilia na perda de peso.,"Não deve ser utilizado em animais que apresentam alergia a crustáceos, gestantes, lactantes e que façam o uso de anticoagulantes.",Bulário.xlsx,Cópia de Página1,46,cat,10-20mg/kg/24h- Via oral,ORAL
46,Ciclopiroxolamina,"Antifúngico tópico utilizado em micoses cutâneas superficiais. Tem ação sobre Tinea pedis, Tinea cruris, Tinea corporis devido a Trichophyton rubrum, Trichophyton mentagrophytes, Epidermophyton floccosum e Microsporum canis, candidíase devido a Candida albicans e pitiríase versicolor devido a Malassezia furfur",Não utilizar em região ocular.,Bulário.xlsx,Cópia de Página1,47,dog,"0,1-1% Uso tópico",
46,Ciclopiroxolamina,"Antifúngico tópico utilizado em micoses cutâneas superficiais. Tem ação sobre Tinea pedis, Tinea cruris, Tinea corporis devido a Trichophyton rubrum, Trichophyton mentagrophytes, Epidermophyton floccosum e Microsporum canis, candidíase devido a Candida albicans e pitiríase versicolor devido a Malassezia furfur",Não utilizar em região ocular.,Bulário.xlsx,Cópia de Página1,47,cat,"0,1-1% Uso tópico",
47,Ciclofosfamida,Antineoplásico utilizado para o tratamento de diversas neoplasias. Utilizado também como imunossupressor.,"Não deve ser utilizada em pacientes que apresentam insuficiência grave de medula óssea, em gestantes, lactantes ou em animais destinados à reprodução, pois apresenta fator mutagênico.",Bulário.xlsx,Cópia de Página1,48,dog,"1-2,2mg/kg/24h (3 a 4 dias) - Via oral (Antineoplásico e imunosupressora). Recomenda-se intervalos de administração, com 3 dias de descanso.",ORAL
47,Ciclofosfamida,Antineoplásico utilizado para o tratamento de diversas neoplasias. Utilizado também como imunossupressor.,"Não deve ser utilizada em pacientes que apresentam insuficiência grave de medula óssea, em gestantes, lactantes ou em animais destinados à reprodução, pois apresenta fator mutagênico.",Bulário.xlsx,Cópia de Página1,48,cat,"1-2,2mg/kg/24h (3 a 4 dias) - Via oral (Antineoplásico e imunosupressora). Recomenda-se intervalos de administração, com 3 dias de descanso.",ORAL
48,Ciclosporina,"Utilizada para tratamento de doenças imunomediadas, anemia hemolítica, atopia canina, fístulas perianais e ceratoconjuntivite seca (uso oftálmico).","Evitar o uso em gestantes e lactantes, em gatos com FIV e FELV positivo e infecções malignas.",Bulário.xlsx,Cópia de Página1,49,dog,3-10mg/kg/12/24/48h - Via oral,ORAL
48,Ciclosporina,"Utilizada para tratamento de doenças imunomediadas, anemia hemolítica, atopia canina, fístulas perianais e ceratoconjuntivite seca (uso oftálmico).","Evitar o uso em gestantes e lactantes, em gatos com FIV e FELV positivo e infecções malignas.",Bulário.xlsx,Cópia de Página1,49,cat,3-10mg/kg/12/24/48h - Via oral,ORAL
49,Cimetidina,"Antagonista H2, antiemético e antiulceroso utilizado no tratamento agudo de úlcera duodenal, úlcera gástrica benigna, úlcera de boca e pós-cirúrgica, úlcera péptica recorrente.",Utilizar com cautela em pacientes que apresentam patologias renias ou hepáticas e em pacientes idosos.,Bulário.xlsx,Cópia de Página1,50,dog,5-10mg/kg/12h - Via oral - Tratamento de 3 dias.,ORAL
49,Cimetidina,"Antagonista H2, antiemético e antiulceroso utilizado no tratamento agudo de úlcera duodenal, úlcera gástrica benigna, úlcera de boca e pós-cirúrgica, úlcera péptica recorrente.",Utilizar com cautela em pacientes que apresentam patologias renias ou hepáticas e em pacientes idosos.,Bulário.xlsx,Cópia de Página1,50,cat,5-10mg/kg/12h - Via oral - Tratamento de 3 dias.,ORAL
50,Ciprofloxacino,"Antibiótico utilizado para as infecções do trato urinário, respiratório, gastrintestinais, prostatites, endocardite, otite externa e infecções cutâneas.",Não utilizar em pacientes que aprsentam hipersensibilidade a quinolonas. Evitar o uso em pacientes jovens.,Bulário.xlsx,Cópia de Página1,51,dog,5-15mg/kg/12h - Via oral,ORAL
50,Ciprofloxacino,"Antibiótico utilizado para as infecções do trato urinário, respiratório, gastrintestinais, prostatites, endocardite, otite externa e infecções cutâneas.",Não utilizar em pacientes que aprsentam hipersensibilidade a quinolonas. Evitar o uso em pacientes jovens.,Bulário.xlsx,Cópia de Página1,51,cat,5-15mg/kg/12h - Via oral,ORAL
51,Ciproheptadina,Anti-histamínico e quando associados às vitaminas B1 e B12 é indicada como estimulante de apetite.,Utilizar com cautela em pacientes gestantes e lactantes.,Bulário.xlsx,Cópia de Página1,52,dog,"0,3-2mg/kg/12h - Via oral",ORAL
51,Ciproheptadina,Anti-histamínico e quando associados às vitaminas B1 e B12 é indicada como estimulante de apetite.,Utilizar com cautela em pacientes gestantes e lactantes.,Bulário.xlsx,Cópia de Página1,52,cat,Anti-histamínico: 2mg/12h/animal Estimulante de apetite: 2-4mg/12-24h/animal Via oral,ORAL
52,Citrato de potássio,Alcalinizante preventivo da formação de urólitos de oxalato de cálcio e tratamento da acidose metabólica crônica. Utilizada também no tratamento da nefrolitíase.,"Não utilizar em pacientes com tendência a hipercalemia, com doença renal grave, diabetes e desidratação.",Bulário.xlsx,Cópia de Página1,53,dog,40-70mg/kg/12h - Via oral,ORAL
52,Citrato de potássio,Alcalinizante preventivo da formação de urólitos de oxalato de cálcio e tratamento da acidose metabólica crônica. Utilizada também no tratamento da nefrolitíase.,"Não utilizar em pacientes com tendência a hipercalemia, com doença renal grave, diabetes e desidratação.",Bulário.xlsx,Cópia de Página1,53,cat,50-100mg/kg/12h - Via oral,ORAL
53,Clavulanato de Potássio,"Bactericida associado a Amoxicilina na dose de ¼, indicado para otites, piodermites, pneumonia, infecção respiratória, urinária, geniturinária, gastrintestinal e pele.","Utilizar com cautela em pacientes que apresentam obstruções uretrais, intestinais, glaucoma de Ângulo fechado, hipertrofia prostática e insuficiencia cardíaca.",Bulário.xlsx,Cópia de Página1,54,dog,"0,05-0,1mg/kg/12h - Via oral",ORAL
53,Clavulanato de Potássio,"Bactericida associado a Amoxicilina na dose de ¼, indicado para otites, piodermites, pneumonia, infecção respiratória, urinária, geniturinária, gastrintestinal e pele.","Utilizar com cautela em pacientes que apresentam obstruções uretrais, intestinais, glaucoma de Ângulo fechado, hipertrofia prostática e insuficiencia cardíaca.",Bulário.xlsx,Cópia de Página1,54,cat,"0,4-0,7mg/kg/12h - Via oral",ORAL
54,Clindamicina,"Antibiótico utilizado para tratar afecções da cavidade oral, osteomielite, trato respiratório e infecções hepatobiliares, pele ferida e infecções profundas de tecidos moles causadas por bactérias gram-positivas.","Não utilizar em pacientes que apresentam hipersensibilidade a Clindamicina, pacientes nefropatas, hepatopatas. Utilizar com cautela em gestantes e lactantes.",Bulário.xlsx,Cópia de Página1,55,dog,(Infecções bacterianas) 5-11mg/kg/12 - Via Oral. (Toxoplasmose) 15mg/kg/12h - Via Oral (Uso externo) 1-2%,ORAL
54,Clindamicina,"Antibiótico utilizado para tratar afecções da cavidade oral, osteomielite, trato respiratório e infecções hepatobiliares, pele ferida e infecções profundas de tecidos moles causadas por bactérias gram-positivas.","Não utilizar em pacientes que apresentam hipersensibilidade a Clindamicina, pacientes nefropatas, hepatopatas. Utilizar com cautela em gestantes e lactantes.",Bulário.xlsx,Cópia de Página1,55,cat,(Infecções bacterianas) 5-11mg/kg/12 - Via Oral. (Toxoplasmose) 15mg/kg/12h - Via Oral (Uso externo) 1-2%,ORAL
55,Clopidogrel,Utilizado em pacientes suscetíveis a formação de coágulos sanguíneos e para inibir a formação ou desenvolvimento de trombos e êmbolos.,"Não utilizar em pacientes que apresentam hipersensibilidade ao medicamento, em pacientes com alto riscos de sangramento, pacientes gestantes e lactantes.",Bulário.xlsx,Cópia de Página1,56,dog,"0,5-1mg/kg/24h - Via oral",ORAL
55,Clopidogrel,Utilizado em pacientes suscetíveis a formação de coágulos sanguíneos e para inibir a formação ou desenvolvimento de trombos e êmbolos.,"Não utilizar em pacientes que apresentam hipersensibilidade ao medicamento, em pacientes com alto riscos de sangramento, pacientes gestantes e lactantes.",Bulário.xlsx,Cópia de Página1,56,cat,19mg/animal/24h - Via oral,ORAL
56,Clorella,"Utilizado para repor os nutrientes, vitaminas e sais minerais, atua também como regulador da glicose, estimulante cerebral, antilipêmico e antioxidante.",Não utilizar em animais que são alérgicos a frutos do mar e em animais filhotes. Avaliar risco beneficío em gestantes e lactantes.,Bulário.xlsx,Cópia de Página1,57,dog,30-60mg/kg/12-24h - Via oral,ORAL
56,Clorella,"Utilizado para repor os nutrientes, vitaminas e sais minerais, atua também como regulador da glicose, estimulante cerebral, antilipêmico e antioxidante.",Não utilizar em animais que são alérgicos a frutos do mar e em animais filhotes. Avaliar risco beneficío em gestantes e lactantes.,Bulário.xlsx,Cópia de Página1,57,cat,30-60mg/kg/12-24h - Via oral,ORAL
57,Clotrimazol,"Antimicótico de amplo espectro, ativo contra dermatófitos, saprófitas e leveduras",,Bulário.xlsx,Cópia de Página1,58,dog,1% uso tópico,
57,Clotrimazol,"Antimicótico de amplo espectro, ativo contra dermatófitos, saprófitas e leveduras",,Bulário.xlsx,Cópia de Página1,58,cat,1% uso tópico,
58,Citrato de sódio,"Utilizado como alcalinizante urinário e sitêmico, diurético, laxante, agente quelante, anticoagulante e eletrólito.",Evitar o uso em pacientes com insuficiência hepática grave.,Bulário.xlsx,Cópia de Página1,59,dog,"0,2-2g/animal - Via oral",ORAL
58,Citrato de sódio,"Utilizado como alcalinizante urinário e sitêmico, diurético, laxante, agente quelante, anticoagulante e eletrólito.",Evitar o uso em pacientes com insuficiência hepática grave.,Bulário.xlsx,Cópia de Página1,59,cat,"0,1-0,5g/animal - 24h",
59,Clorexidina,"Antisséptico de amplo espectro, utilizado para limpeza e antissepsia de feridas. Utilizado também como antifúngico e bactericida.",Não utilizar em pacientes que apresentam hipersensibilidade a Clorexidina. Evitar o uso em pacientes gestantes e lactantes.,Bulário.xlsx,Cópia de Página1,60,dog,"0,5-4% Uso tópico",
59,Clorexidina,"Antisséptico de amplo espectro, utilizado para limpeza e antissepsia de feridas. Utilizado também como antifúngico e bactericida.",Não utilizar em pacientes que apresentam hipersensibilidade a Clorexidina. Evitar o uso em pacientes gestantes e lactantes.,Bulário.xlsx,Cópia de Página1,60,cat,"0,5-4% Uso tópico",
60,Cobre,"Mineral ativador dos sistema imunológico, auxilia na produção de glóbulos vermelhos e facilita a absorção do Ferro na corrente sanguínea, também participa da produção de colágeno que garante a integridade de ossos, pele, cartilagem e propriedades elásticas dos vasos sanguíneos.",Não há relatos.,Bulário.xlsx,Cópia de Página1,61,dog,40-85mcg/kg/24h - Via oral,ORAL
60,Cobre,"Mineral ativador dos sistema imunológico, auxilia na produção de glóbulos vermelhos e facilita a absorção do Ferro na corrente sanguínea, também participa da produção de colágeno que garante a integridade de ossos, pele, cartilagem e propriedades elásticas dos vasos sanguíneos.",Não há relatos.,Bulário.xlsx,Cópia de Página1,61,cat,40-85mcg/kg/24h - Via oral,ORAL
61,Coenzima Q10,"Auxilia no sistema imunológico e no tratamento de patologias cardíacas, neurológicas e oncológicas.",Evitar o uso em pacientes com hipoglicemia e insuficiência renal.,Bulário.xlsx,Cópia de Página1,62,dog,5-10mg/kg/24h- Via oral,ORAL
61,Coenzima Q10,"Auxilia no sistema imunológico e no tratamento de patologias cardíacas, neurológicas e oncológicas.",Evitar o uso em pacientes com hipoglicemia e insuficiência renal.,Bulário.xlsx,Cópia de Página1,62,cat,5-10mg/kg/24h- Via oral,ORAL
62,Codeína,"Tem ação analgésica, antitussígena e hipnótica. Indicada no tratamento da dor moderada, associada ou não a anti-inflamatórios não esteroidais. MEDICAMENTO CONTROLADO","Não utilizar em pacientes que apresentam hipersensibilidade ao princípio ativo, com a função respiratória comprometida. Usar com cautela em pacientes diabéticos.",Bulário.xlsx,Cópia de Página1,63,dog,"Ação antitussígena: 0,1-0,3mg/kg Ação analgésica: 0,5-4mg/kg Via oral",ORAL
62,Codeína,"Tem ação analgésica, antitussígena e hipnótica. Indicada no tratamento da dor moderada, associada ou não a anti-inflamatórios não esteroidais. MEDICAMENTO CONTROLADO","Não utilizar em pacientes que apresentam hipersensibilidade ao princípio ativo, com a função respiratória comprometida. Usar com cautela em pacientes diabéticos.",Bulário.xlsx,Cópia de Página1,63,cat,"Ação antitussígena: 0,1mg/kg Ação analgésica: 0,5-2mg/kg Via oral",ORAL
63,Colágeno hidrolisado,"É um nutracêutico obtido principalmente de cartilagem animal. Indicado para a redução de processos catabólicos, tem ação anti-inflamatória e realiza a biossíntese de colágeno na matriz molecular.",Não há relatos.,Bulário.xlsx,Cópia de Página1,64,dog,20-40mg/animal/24h - Via oral,ORAL
63,Colágeno hidrolisado,"É um nutracêutico obtido principalmente de cartilagem animal. Indicado para a redução de processos catabólicos, tem ação anti-inflamatória e realiza a biossíntese de colágeno na matriz molecular.",Não há relatos.,Bulário.xlsx,Cópia de Página1,64,cat,20-40mg/animal/24h - Via oral,ORAL
64,Colágeno tipo 2,"Indicado para pacientes com patologias articulares degenerativas, promove maior conforto para as articulações inflamadas e melhora a flexibilidade e mobilidade das mesmas.",Recomenda-se que o uso seja feito por animais adultos.,Bulário.xlsx,Cópia de Página1,65,dog,20-40mg/animal/24h - Via oral,ORAL
64,Colágeno tipo 2,"Indicado para pacientes com patologias articulares degenerativas, promove maior conforto para as articulações inflamadas e melhora a flexibilidade e mobilidade das mesmas.",Recomenda-se que o uso seja feito por animais adultos.,Bulário.xlsx,Cópia de Página1,65,cat,20-40mg/animal/24h - Via oral,ORAL
65,Colina bitartarato,"Utilizada na prevenção da transmissão de impulsos nervosos, da esteatose hepática, da metabolização de lípidios e participa na formação de acetilcolina.","Contraindicado o uso em pacientes com doenças cardiovasculares, gestantes e lactantes.",Bulário.xlsx,Cópia de Página1,66,dog,40-50mg/animal/24h - Via oral.,ORAL
65,Colina bitartarato,"Utilizada na prevenção da transmissão de impulsos nervosos, da esteatose hepática, da metabolização de lípidios e participa na formação de acetilcolina.","Contraindicado o uso em pacientes com doenças cardiovasculares, gestantes e lactantes.",Bulário.xlsx,Cópia de Página1,66,cat,100mg/animal/24h - Via oral.,ORAL
66,Colchicina,"Tto. de amiloidose, fibrose ou cirrose hepática e gota úrica",,Bulário.xlsx,Cópia de Página1,67,dog,"0,025-0,03 mg/kg q24h VO",VO
66,Colchicina,"Tto. de amiloidose, fibrose ou cirrose hepática e gota úrica",,Bulário.xlsx,Cópia de Página1,67,cat,"0,025-0,03 mg/kg q24h VO",VO
67,Complexo B,"Atua no bom funcionamento do sistema imunológico, do cerébro, do metabolismo, da pele e dos músculos. Níveis de garantia: B1 5mg/g, B2 2mg/g, B3 20mg/g, B5 2,76mg/g, B6 2mg/g.","Avaliar risco beneficío em uso de gestantes, lactantes ou pacientes diabéticos.",Bulário.xlsx,Cópia de Página1,68,dog,Dosagem calculada de acordo com a necessidade do animal.,
67,Complexo B,"Atua no bom funcionamento do sistema imunológico, do cerébro, do metabolismo, da pele e dos músculos. Níveis de garantia: B1 5mg/g, B2 2mg/g, B3 20mg/g, B5 2,76mg/g, B6 2mg/g.","Avaliar risco beneficío em uso de gestantes, lactantes ou pacientes diabéticos.",Bulário.xlsx,Cópia de Página1,68,cat,Dosagem calculada de acordo com a necessidade do animal.,
68,Condroitina,Suplementação de nutrientes indicada para prevenção de patologias articulares degenerativas.,"Não utilizar em pacientes que apresentam hipersensibilidade ao medicamento, gestantes e lactantes. Utilizar com cautela em pacientes diabéticos.",Bulário.xlsx,Cópia de Página1,69,dog,22-44mg/kg/24h - Via oral,ORAL
68,Condroitina,Suplementação de nutrientes indicada para prevenção de patologias articulares degenerativas.,"Não utilizar em pacientes que apresentam hipersensibilidade ao medicamento, gestantes e lactantes. Utilizar com cautela em pacientes diabéticos.",Bulário.xlsx,Cópia de Página1,69,cat,22-44mg/kg/24h - Via oral,ORAL
69,Cordyceps,"Antioxidante, estimulador do sistema imunológico e antitumoral","Evitar o uso em pacientes gestantes, lactantes e que fazem o uso de imunossupressores.",Bulário.xlsx,Cópia de Página1,70,dog,7-25mg/kg/24h- Via oral,ORAL
69,Cordyceps,"Antioxidante, estimulador do sistema imunológico e antitumoral","Evitar o uso em pacientes gestantes, lactantes e que fazem o uso de imunossupressores.",Bulário.xlsx,Cópia de Página1,70,cat,7-25mg/kg/24h- Via oral,ORAL
70,Cramberry,"Fitoterápico utilizado para o trato urinário, previnindo e tratando infecções urinárias. Tem ação antioxidante, antitumoral, cardioprotetor e estimulante. Também é utilizado para doenças neurológicas, síndrome da deficiência cognitiva (SDC).","Evitar o uso em gestantes, lactantes, animais que apresentam sensibilidade gastrointestinal ou tenham intolerância a ácido salicílico/ácido acetilsalicílico.",Bulário.xlsx,Cópia de Página1,71,dog,10mg/kg/24h - Via oral (Administrar a cada 12 horas em casos de infecção),ORAL
70,Cramberry,"Fitoterápico utilizado para o trato urinário, previnindo e tratando infecções urinárias. Tem ação antioxidante, antitumoral, cardioprotetor e estimulante. Também é utilizado para doenças neurológicas, síndrome da deficiência cognitiva (SDC).","Evitar o uso em gestantes, lactantes, animais que apresentam sensibilidade gastrointestinal ou tenham intolerância a ácido salicílico/ácido acetilsalicílico.",Bulário.xlsx,Cópia de Página1,71,cat,10mg/kg/24h - Via oral (Administrar a cada 12 horas em casos de infecção),ORAL
71,Cúrcuma,"Nutracêutico e fitoterápico com ação anti-inflamatória, analgésica, antioxidante e antitumoral.","Não utilzar em pacientes com obstrução dos ductos biliares, distúrbios hemorrágicos ou utilizam medicamentos anticoagulantes.",Bulário.xlsx,Cópia de Página1,72,dog,50mg/kg/24h ou dose dividida ao longo do dia - Via oral,ORAL
71,Cúrcuma,"Nutracêutico e fitoterápico com ação anti-inflamatória, analgésica, antioxidante e antitumoral.","Não utilzar em pacientes com obstrução dos ductos biliares, distúrbios hemorrágicos ou utilizam medicamentos anticoagulantes.",Bulário.xlsx,Cópia de Página1,72,cat,50mg/kg/24h ou dose dividida ao longo do dia - Via oral,ORAL
72,D-Ribose,"Repositor energético de rápida absorção, utilizado como fonte de energia imediata. Traz benefícios para os músculos cardíacos e esqueléticos, além de aumentar o fluxo sanguíneo.",Não utilizar em pacientes diabéticos ou com excesso de ácido úrico.,Bulário.xlsx,Cópia de Página1,73,dog,30-60mg/kg/24h - Via oral,ORAL
72,D-Ribose,"Repositor energético de rápida absorção, utilizado como fonte de energia imediata. Traz benefícios para os músculos cardíacos e esqueléticos, além de aumentar o fluxo sanguíneo.",Não utilizar em pacientes diabéticos ou com excesso de ácido úrico.,Bulário.xlsx,Cópia de Página1,73,cat,30-60mg/kg/24h - Via oral,ORAL
73,D-Pantenol,"Tratamento de diversas afecções de pele, como úlceras e ferimentos, cicatrizante, ação antisseborreica e eutrófica para o folículo piloso",,Bulário.xlsx,Cópia de Página1,74,dog,"0,5% a 2% uso tópico",
73,D-Pantenol,"Tratamento de diversas afecções de pele, como úlceras e ferimentos, cicatrizante, ação antisseborreica e eutrófica para o folículo piloso",,Bulário.xlsx,Cópia de Página1,74,cat,"0,5% a 2% uso tópico",
74,Desmopet,"Colagogo utilizado em pacientes que apresentam hepatite crônica, lipidose, esteatose hepática e nos pacientes em tratamento quimioterápico. Auxilia na detoxificação hepática, sobrecarga medicamentosa.",Não utilizar em pacientes que apresentam doença renal crônica.,Bulário.xlsx,Cópia de Página1,75,dog,3-10mg/kg/12-24h - Via oral,ORAL
74,Desmopet,"Colagogo utilizado em pacientes que apresentam hepatite crônica, lipidose, esteatose hepática e nos pacientes em tratamento quimioterápico. Auxilia na detoxificação hepática, sobrecarga medicamentosa.",Não utilizar em pacientes que apresentam doença renal crônica.,Bulário.xlsx,Cópia de Página1,75,cat,3-10mg/kg/12-24h - Via oral,ORAL
75,Dexametasona,"Anti-inflamatório, imunossupressor e corticóide utilizado para patologias auto-imunes, traumas, edemas e para o tratamento de dermatoses.","Utilizar com cautela em animais que apresentam insuficiência renal, diabetes, problemas com úlceras e pacreatites, cardiopatas e pacientes com predisposição a tromboembolismo.",Bulário.xlsx,Cópia de Página1,76,dog,"0,25-1mg/animal/24h - Via oral",ORAL
75,Dexametasona,"Anti-inflamatório, imunossupressor e corticóide utilizado para patologias auto-imunes, traumas, edemas e para o tratamento de dermatoses.","Utilizar com cautela em animais que apresentam insuficiência renal, diabetes, problemas com úlceras e pacreatites, cardiopatas e pacientes com predisposição a tromboembolismo.",Bulário.xlsx,Cópia de Página1,76,cat,"0,125-0,5mg/animal/24h - Via oral",ORAL
76,Diacereína,"Analgésico e anti-inflamatório utilizado para o tratamento sintomático de artrites, artroses e outras doenças degenerativas de cartilagem.","Não utilizar em pacientes que apresentam hipersensibilidade ao medicamento, insuficiência renal, obstruções intestinais, doenças inflamatórias intestinais e nos pacientes gestantes e lactantes.",Bulário.xlsx,Cópia de Página1,77,dog,1-2mg/kg/24h - Via oral,ORAL
76,Diacereína,"Analgésico e anti-inflamatório utilizado para o tratamento sintomático de artrites, artroses e outras doenças degenerativas de cartilagem.","Não utilizar em pacientes que apresentam hipersensibilidade ao medicamento, insuficiência renal, obstruções intestinais, doenças inflamatórias intestinais e nos pacientes gestantes e lactantes.",Bulário.xlsx,Cópia de Página1,77,cat,1-2mg/kg/24h - Via oral,ORAL
77,Dipirona,"Analgésico, antiespasmódico e antitérmico",,Bulário.xlsx,Cópia de Página1,78,dog,25 mg/kg q8h-12h VO,VO
77,Dipirona,"Analgésico, antiespasmódico e antitérmico",,Bulário.xlsx,Cópia de Página1,78,cat,25 mg/kg q8h-12h VO,VO
78,DMSO (dimetilsulfóxido),"Anti-inflamatório, analgésico e antisséptico utilizado para tratamento de cinomose canina, isquemias, radioproteção. É um solvente orgânico utilizado como carreador de princípios ativos pela pele. Para uso injetável, é utilizado para diminuição de edema e dores.","Contra indicado para gestantes. Altas doses pode levar a halitose, anemias e hemoglobinúria.",Bulário.xlsx,Cópia de Página1,79,dog,"0,5-1mg/kg/24h - Via oral 10-20% em soluções com ação permeabilizante.",ORAL
78,DMSO (dimetilsulfóxido),"Anti-inflamatório, analgésico e antisséptico utilizado para tratamento de cinomose canina, isquemias, radioproteção. É um solvente orgânico utilizado como carreador de princípios ativos pela pele. Para uso injetável, é utilizado para diminuição de edema e dores.","Contra indicado para gestantes. Altas doses pode levar a halitose, anemias e hemoglobinúria.",Bulário.xlsx,Cópia de Página1,79,cat,10-20% em soluções com ação permeabilizante.,
79,Doxiciclina,"Antibiótico bacteriostático de amplo espectro. Utilizado para o tratamento de doenças do trato respiratório, urinário, gastrentérico, e doenças oftálmicas bacterianas.",Não utilizar em pacientes jovens e usar com cautela em pacientes que apresentam insuficiência renal ou problemas hepáticos.,Bulário.xlsx,Cópia de Página1,80,dog,5-10mg/kg/12-24h - Via oral,ORAL
79,Doxiciclina,"Antibiótico bacteriostático de amplo espectro. Utilizado para o tratamento de doenças do trato respiratório, urinário, gastrentérico, e doenças oftálmicas bacterianas.",Não utilizar em pacientes jovens e usar com cautela em pacientes que apresentam insuficiência renal ou problemas hepáticos.,Bulário.xlsx,Cópia de Página1,80,cat,5-10mg/kg/12-24h - Via oral,ORAL
80,Enalapril,"Vasodilatador inibidor da ECA, indicado para todos os graus de hipertensão essencial, tratamento da hipertensão renovascular e todos os graus de insuficiência cardíaca","Utilizar com cautela em pacientes que apresenta insuficiência vascular cerebral, insuficiência renal, hiponatremia e depleção de sódio, Não utilizar em pacientes gestantes e lactantes.",Bulário.xlsx,Cópia de Página1,81,dog,"0,25-0,5mg/kg/12-24h - Via oral",ORAL
80,Enalapril,"Vasodilatador inibidor da ECA, indicado para todos os graus de hipertensão essencial, tratamento da hipertensão renovascular e todos os graus de insuficiência cardíaca","Utilizar com cautela em pacientes que apresenta insuficiência vascular cerebral, insuficiência renal, hiponatremia e depleção de sódio, Não utilizar em pacientes gestantes e lactantes.",Bulário.xlsx,Cópia de Página1,81,cat,"0,25-0,5mg/kg/12-24h - Via oral",ORAL
81,Enrofloxacino,"Antibiótico bactericida utilizado no tratamento de infecções no trato genito-urinário, gastroenterite bacteriana, otite, osteomielite, meningoencefalites e endocardites.",Não utilizar em pacientes que aprsentam hipersensibilidade a quinolonas. Evitar o uso em pacientes jovens.,Bulário.xlsx,Cópia de Página1,82,dog,5-20mg/kg/12-24h - Via oral,ORAL
81,Enrofloxacino,"Antibiótico bactericida utilizado no tratamento de infecções no trato genito-urinário, gastroenterite bacteriana, otite, osteomielite, meningoencefalites e endocardites.",Não utilizar em pacientes que aprsentam hipersensibilidade a quinolonas. Evitar o uso em pacientes jovens.,Bulário.xlsx,Cópia de Página1,82,cat,5mg/kg/24h - Via oral,ORAL
82,Enterococcus faecium,Probiótico indicado para o equilíbrio da microbiota intestinal.,"Probióticos devem ser utilizados com cautela em animais que apresentam síndrome do intestino curto, imunocomprometidos e idosos.",Bulário.xlsx,Cópia de Página1,83,dog,"(Animais de pequeno porte) 16,600,000 UFC/animal/24h (Animais de grande ou médio porte) 33.300.000 UFC/animal/24h - Via Oral",ORAL
82,Enterococcus faecium,Probiótico indicado para o equilíbrio da microbiota intestinal.,"Probióticos devem ser utilizados com cautela em animais que apresentam síndrome do intestino curto, imunocomprometidos e idosos.",Bulário.xlsx,Cópia de Página1,83,cat,"16,600,000 UFC/animal/24h - Via Oral.",ORAL
83,Enxofre líquido,"Antisséptico, queratolítico e acaricida. Utilizado para tratamento de acne, como regulador da secreção sebácea e caspa.",Não utilizar em felinos.,Bulário.xlsx,Cópia de Página1,84,dog,"0,1-2% - Uso tópico",
84,Equinácea extrato seco,"Utilizado como coadjuvante no tratamento de infecções no trato respiratório, urinário e na pele. Tem ação antifúngica, antibacteriana, antiviral, antioxidante, anti-inflamatória e antineoplásica.",Não utilizar em pacientes com doeças autoimunes e doenças crônicas.,Bulário.xlsx,Cópia de Página1,85,dog,3-5mg/kg/24h - Via oral,ORAL
84,Equinácea extrato seco,"Utilizado como coadjuvante no tratamento de infecções no trato respiratório, urinário e na pele. Tem ação antifúngica, antibacteriana, antiviral, antioxidante, anti-inflamatória e antineoplásica.",Não utilizar em pacientes com doeças autoimunes e doenças crônicas.,Bulário.xlsx,Cópia de Página1,85,cat,3mg/kg/24h - Via oral,ORAL
85,Espinheira santa,"Utilizado em animais para amenizar dores no sistema digestivo, gastrite, úlceras e acidez gástrica. É um potente anti-infeccioso, anti-inflamatório, antioxidante e cicatrizante.",Não utilizar em gestantes e lactantes.,Bulário.xlsx,Cópia de Página1,86,dog,5-10mg/kg/24h - Via oral,ORAL
85,Espinheira santa,"Utilizado em animais para amenizar dores no sistema digestivo, gastrite, úlceras e acidez gástrica. É um potente anti-infeccioso, anti-inflamatório, antioxidante e cicatrizante.",Não utilizar em gestantes e lactantes.,Bulário.xlsx,Cópia de Página1,86,cat,5mg/kg/24h - Via oral,ORAL
86,Espironolactona,Utilizada para o tratamento de hipertensão essencial e distúrbios edematosos.,"Utilizar com cautela em pacientes que apresentam insuficiência renal aguda, pacientes hipercalêmicos e aqueles que recebem inibidores da ECA ou suplementação desse elemento.",Bulário.xlsx,Cópia de Página1,87,dog,"0,5-2mg/kg/12-24h - Via oral",ORAL
86,Espironolactona,Utilizada para o tratamento de hipertensão essencial e distúrbios edematosos.,"Utilizar com cautela em pacientes que apresentam insuficiência renal aguda, pacientes hipercalêmicos e aqueles que recebem inibidores da ECA ou suplementação desse elemento.",Bulário.xlsx,Cópia de Página1,87,cat,"0,5-1mg/kg/12-24h - Via oral",ORAL
87,Espirulina,"Alga com propriedades ricas em proteínas, minerais, vitaminas e aminoácidos, é utilizada como suplemento alimentar.",Não utilizar em portadores de doenças autoimunes. Avaliar risco beneficío em gestantes e lactantes.,Bulário.xlsx,Cópia de Página1,88,dog,10-15mg/kg/24h - Via oral,ORAL
87,Espirulina,"Alga com propriedades ricas em proteínas, minerais, vitaminas e aminoácidos, é utilizada como suplemento alimentar.",Não utilizar em portadores de doenças autoimunes. Avaliar risco beneficío em gestantes e lactantes.,Bulário.xlsx,Cópia de Página1,88,cat,10-15mg/kg/24h - Via oral,ORAL
88,Ext glicólico de Babosa (Aloe Vera),"Utilizado como hidratante, emoliente e regenerador da pele.",Não há relatos.,Bulário.xlsx,Cópia de Página1,89,dog,2-6%- Uso tópico,
88,Ext glicólico de Babosa (Aloe Vera),"Utilizado como hidratante, emoliente e regenerador da pele.",Não há relatos.,Bulário.xlsx,Cópia de Página1,89,cat,2-6% - Uso tópico,
89,Ext glicólico de calêndula,"Atua como cicatrizante, antisséptico no tratamento de lesões superficiais como feridas e ulcerações dérmicas",Não há relatos.,Bulário.xlsx,Cópia de Página1,90,dog,2-10%- Uso tópico,
89,Ext glicólico de calêndula,"Atua como cicatrizante, antisséptico no tratamento de lesões superficiais como feridas e ulcerações dérmicas",Não há relatos.,Bulário.xlsx,Cópia de Página1,90,cat,2-10%- Uso tópico,
90,Ext glicólico de aveia,"Utilizado como emoliente, nutritivo, hidratante, remineralizante, restaurador de tecidos, suavizante e amaciante.",Não há relatos.,Bulário.xlsx,Cópia de Página1,91,dog,1-5%- Uso tópico,
90,Ext glicólico de aveia,"Utilizado como emoliente, nutritivo, hidratante, remineralizante, restaurador de tecidos, suavizante e amaciante.",Não há relatos.,Bulário.xlsx,Cópia de Página1,91,cat,1-5%- Uso tópico,
91,Ext glicólico hamamelis,"O Extrato Glicólico de Hamamélis tem ação adstringente, vasoprotetora, vasoconstritora, descongestionante, antioleosidade, anti-acnêica.",Não é indicado para animais que apresentem irritações gástricas.,Bulário.xlsx,Cópia de Página1,92,dog,2-4%- Uso tópico,
91,Ext glicólico hamamelis,"O Extrato Glicólico de Hamamélis tem ação adstringente, vasoprotetora, vasoconstritora, descongestionante, antioleosidade, anti-acnêica.",Não é indicado para animais que apresentem irritações gástricas.,Bulário.xlsx,Cópia de Página1,92,cat,2-4%- Uso tópico,
92,Famotidina,"Antagonista dos receptores de H2, é utilizado como protetor gástrico e antiulceroso.","Evitar o uso em gestantes, lactantes e em pacientes geriátricos.",Bulário.xlsx,Cópia de Página1,93,dog,"0,5-1mg/kg/12-24h - Via oral",ORAL
92,Famotidina,"Antagonista dos receptores de H2, é utilizado como protetor gástrico e antiulceroso.","Evitar o uso em gestantes, lactantes e em pacientes geriátricos.",Bulário.xlsx,Cópia de Página1,93,cat,"0,5-1mg/kg/12-24h - Via oral",ORAL
93,Febantel,"Utilizado como anti-helmíntico, em cães é indicado para o controle de nematódeos em cães.",Não utilizar em pacientes gestantes e pacientes que apresentam disfunção renal ou hepática.,Bulário.xlsx,Cópia de Página1,94,dog,(Durante 3 dias) 10mg/kg/24h - cães adultos - Via Oral 15mg/kg/24h - cães filhotes - Via Oral,ORAL
93,Febantel,"Utilizado como anti-helmíntico, em cães é indicado para o controle de nematódeos em cães.",Não utilizar em pacientes gestantes e pacientes que apresentam disfunção renal ou hepática.,Bulário.xlsx,Cópia de Página1,94,cat,(Durante 3 dias) 10mg/kg/24h - felinos adultos - Via Oral 15mg/kg/24h - felinos filhotes - Via Oral,ORAL
94,Fembendazol,Utilizado como anti-helmíntico e protozoocida. Utilizado também para tratar a giardíase.,Não deve ser utilizado em pacientes que possuem hipersensibilidade ao ativo.,Bulário.xlsx,Cópia de Página1,95,dog,(Durante 3 dias) 50mg/kg/24h - Via oral,ORAL
94,Fembendazol,Utilizado como anti-helmíntico e protozoocida. Utilizado também para tratar a giardíase.,Não deve ser utilizado em pacientes que possuem hipersensibilidade ao ativo.,Bulário.xlsx,Cópia de Página1,95,cat,(Durante 3 dias) 50mg/kg/24h - Via oral,ORAL
95,Ferro Quelato,Tratamento de anemias ferroprivas/Suplemento dietético,,Bulário.xlsx,Cópia de Página1,96,dog,"4,4 mg/10 kg animal q12h VO",VO
95,Ferro Quelato,Tratamento de anemias ferroprivas/Suplemento dietético,,Bulário.xlsx,Cópia de Página1,96,cat,"4,4 mg/10 kg animal q12h VO",VO
96,Fluoxetina,"Antidepressivo, também utilizado para para o tratamento de alterações comportamentais, incluindo agressividade e ansiedade. MEDICAMENTO CONTROLADO.","Não utilizar em pacientes que apresentam hipersensibilidade ao princípio ativo, em gestantes e lactantes.",Bulário.xlsx,Cópia de Página1,97,dog,"0,5-1,0mg/kg/24h - Via oral",ORAL
96,Fluoxetina,"Antidepressivo, também utilizado para para o tratamento de alterações comportamentais, incluindo agressividade e ansiedade. MEDICAMENTO CONTROLADO.","Não utilizar em pacientes que apresentam hipersensibilidade ao princípio ativo, em gestantes e lactantes.",Bulário.xlsx,Cópia de Página1,97,cat,"0,5-1,0mg/kg/24h - Via oral",ORAL
97,Fos (frutooligossacarídeos),"Açúcar não metabolizado e não calórico ao organismo. São considerados prebióticos pois equilibram a flora intestinal. Como consequência, seus benefícios são: redução da pressão sanguínea, da metabolização de carboidratos e lipídeos, aumento da produção de imunoestimulantes, diminuição das bactérias nocivas e da produção de toxinas.",Não utilizar em animais que apresentam intolerância a lactose.,Bulário.xlsx,Cópia de Página1,98,dog,20-50mg/kg/24h - Via oral,ORAL
97,Fos (frutooligossacarídeos),"Açúcar não metabolizado e não calórico ao organismo. São considerados prebióticos pois equilibram a flora intestinal. Como consequência, seus benefícios são: redução da pressão sanguínea, da metabolização de carboidratos e lipídeos, aumento da produção de imunoestimulantes, diminuição das bactérias nocivas e da produção de toxinas.",Não utilizar em animais que apresentam intolerância a lactose.,Bulário.xlsx,Cópia de Página1,98,cat,20-50mg/kg/24h - Via oral,ORAL
98,Furosemida,"Diurético da alça de Henle, indicada nos casos de hipertensão arterial leve a moderada, edema devido a distúrbios do coração, do fígado e dos rins e edema devido a queimaduras.","Não deve ser utilizado em pacientes com anúria ou hipersensíveis à droga, aqueles que são portadores de diabetes mellitus, disfunções hepáticas e doenças que causem desequilíbrio eletrolítico. Avaliar risco beneficío em animais gestantes e lactantes.",Bulário.xlsx,Cópia de Página1,99,dog,"2,5-5mg/kg/12-24h - Via oral",ORAL
98,Furosemida,"Diurético da alça de Henle, indicada nos casos de hipertensão arterial leve a moderada, edema devido a distúrbios do coração, do fígado e dos rins e edema devido a queimaduras.","Não deve ser utilizado em pacientes com anúria ou hipersensíveis à droga, aqueles que são portadores de diabetes mellitus, disfunções hepáticas e doenças que causem desequilíbrio eletrolítico. Avaliar risco beneficío em animais gestantes e lactantes.",Bulário.xlsx,Cópia de Página1,99,cat,"2,5-5mg/kg/12-24h - Via oral",ORAL
99,Gabapentina,"Adjuvante no tratamento de convulsões, também pode ser utilizado como analgésico (bloqueia os canais de cálcio pré-sinápticos reduzindo a sensibilização central). MEDICAMENTO CONTROLADO.",Fazer ajuste de dose em pacientes que apresentam insuficiência renal. Avaliar o risco benefício com o Médico Veterinário para o uso em gestantes e lactantes.,Bulário.xlsx,Cópia de Página1,100,dog,(Anticonvulsionante) 30mg/kg/8h - Via oral (Analgésico) 3mg/kg/24h - Via Oral,ORAL
99,Gabapentina,"Adjuvante no tratamento de convulsões, também pode ser utilizado como analgésico (bloqueia os canais de cálcio pré-sinápticos reduzindo a sensibilização central). MEDICAMENTO CONTROLADO.",Fazer ajuste de dose em pacientes que apresentam insuficiência renal. Avaliar o risco benefício com o Médico Veterinário para o uso em gestantes e lactantes.,Bulário.xlsx,Cópia de Página1,100,cat,(Anticonvulsionante) 30mg/kg/8h - Via oral (Analgésico) 3mg/kg/24h - Via Oral,ORAL
100,Ganoderma lucidum,"Imunomodulador que equilibra o sistema imunológico hiperativo, antioxidante, antiviral e anti-inflamatório.","Não indicado a lactantes, gestantes, hipertensos ou que fazem o uso de anticoagulantes.",Bulário.xlsx,Cópia de Página1,101,dog,5-8mg/kg/24h - Via oral,ORAL
100,Ganoderma lucidum,"Imunomodulador que equilibra o sistema imunológico hiperativo, antioxidante, antiviral e anti-inflamatório.","Não indicado a lactantes, gestantes, hipertensos ou que fazem o uso de anticoagulantes.",Bulário.xlsx,Cópia de Página1,101,cat,5-8mg/kg/24h - Via oral,ORAL
101,Garcinia Camboja,"Inibidor das sínteses de ácidos graxos, utilizado para a redução de gorduras. Associado a L-carnitina para uma maior oxidação desses ácidos graxos.","Não utilizar em pacientes com hipersensibilidade ao ativo, gestantes e lactantes, diabéticos e pacientes que fazem uso de fármacos antidepressivos que promovem o aumento da serotonina.",Bulário.xlsx,Cópia de Página1,102,dog,1-2mg/kg/12h - Via Oral 30min ou 1h antes das refeições,ORAL
101,Garcinia Camboja,"Inibidor das sínteses de ácidos graxos, utilizado para a redução de gorduras. Associado a L-carnitina para uma maior oxidação desses ácidos graxos.","Não utilizar em pacientes com hipersensibilidade ao ativo, gestantes e lactantes, diabéticos e pacientes que fazem uso de fármacos antidepressivos que promovem o aumento da serotonina.",Bulário.xlsx,Cópia de Página1,102,cat,1-2mg/kg/12h - Via Oral 30min ou 1h antes das refeições,ORAL
102,Ginseng ext seco,"Antioxidante capaz de prevenir células tumorais, estimula a circulação sanguínea, reduz estresse e ajuda a equilibrar a pressão arterial.","Não utilizar em gestantes, lactantes e pacientes hipertensos.",Bulário.xlsx,Cópia de Página1,103,dog,2-5mg/kg/24h - Via oral,ORAL
102,Ginseng ext seco,"Antioxidante capaz de prevenir células tumorais, estimula a circulação sanguínea, reduz estresse e ajuda a equilibrar a pressão arterial.","Não utilizar em gestantes, lactantes e pacientes hipertensos.",Bulário.xlsx,Cópia de Página1,103,cat,2-5mg/kg/24h - Via oral,ORAL
103,Glicerina,"Umectante e emoliente, capaz de proteger a pele de desidratações.","A longo prazo, pode dificultar a absorção de vitaminas lipossolúveis.",Bulário.xlsx,Cópia de Página1,104,dog,2-10%- Uso tópico e oral,
103,Glicerina,"Umectante e emoliente, capaz de proteger a pele de desidratações.","A longo prazo, pode dificultar a absorção de vitaminas lipossolúveis.",Bulário.xlsx,Cópia de Página1,104,cat,2-10%- Uso tópico e oral,
104,Glicina (Glicocola),É um aminoácido que participa da formação de glutationas (antioxidante de previne danos por conta de radicais livres).,Contra-indicado para pacientes com anúria.,Bulário.xlsx,Cópia de Página1,105,dog,5mg/kg/24h - Via oral,ORAL
104,Glicina (Glicocola),É um aminoácido que participa da formação de glutationas (antioxidante de previne danos por conta de radicais livres).,Contra-indicado para pacientes com anúria.,Bulário.xlsx,Cópia de Página1,105,cat,5mg/kg/24h - Via oral,ORAL
105,Glucosamina,"Utilizado como suplemento nutricional com a finalidade de melhorar a dor e a rigidez das articulações, pode ser utilizada para prevenir ou tratar patologias articulares degenerativas.","Não utilizar em pacientes que apresentam hipersensibilidade ao medicamento, gestantes e lactantes. Utilizar com cautela em pacientes diabéticos.",Bulário.xlsx,Cópia de Página1,106,dog,10-20mg/kg/24h - Via oral,ORAL
105,Glucosamina,"Utilizado como suplemento nutricional com a finalidade de melhorar a dor e a rigidez das articulações, pode ser utilizada para prevenir ou tratar patologias articulares degenerativas.","Não utilizar em pacientes que apresentam hipersensibilidade ao medicamento, gestantes e lactantes. Utilizar com cautela em pacientes diabéticos.",Bulário.xlsx,Cópia de Página1,106,cat,10-20mg/kg/24h - Via oral,ORAL
106,Glycoxil pet,"Nutracêutico utilizado para combater a glicação, também é indicado para pacientes que apresentam patologia renal crônica, resistência insulínica, sobrepeso e obesidade, diabetes. Pode ser utilizado para a prevenção da catarata e como antioxidante.",Não há relatos.,Bulário.xlsx,Cópia de Página1,107,dog,5mg/kg/24h - Via oral,ORAL
106,Glycoxil pet,"Nutracêutico utilizado para combater a glicação, também é indicado para pacientes que apresentam patologia renal crônica, resistência insulínica, sobrepeso e obesidade, diabetes. Pode ser utilizado para a prevenção da catarata e como antioxidante.",Não há relatos.,Bulário.xlsx,Cópia de Página1,107,cat,5mg/kg/24h - Via oral,ORAL
107,Hidrocortisona (uso tópico e oral),(Uso oral) Utilizado como anti-inflamatório. (Uso tópico) Utilizado como corticosteróide.,"Utilizar com cautela em pacientes diabéticos, aqueles que possuem predisposição ao tromboembolismo, pacientes portadores de úlceras ou infecções, insuficiência renal, pancreatite e cardiopatas.",Bulário.xlsx,Cópia de Página1,108,dog,"(Anti-inflamatório) 5mg/kg/12h - Via oral. (Corticosteróide) 0,1-2,5% - Uso Tópico.",ORAL
107,Hidrocortisona (uso tópico e oral),(Uso oral) Utilizado como anti-inflamatório. (Uso tópico) Utilizado como corticosteróide.,"Utilizar com cautela em pacientes diabéticos, aqueles que possuem predisposição ao tromboembolismo, pacientes portadores de úlceras ou infecções, insuficiência renal, pancreatite e cardiopatas.",Bulário.xlsx,Cópia de Página1,108,cat,"(Anti-inflamatório) 5mg/kg/12h - Via oral. (Corticosteróide) 0,1-2,5% - Uso Tópico.",ORAL
108,Hidróxido de alumínio,Utilizado como antiácido no tratamento de úlceras gastrointestinais e fósforo quelantes nos casos de hiperfosfatemia.,Não utilizar em pacientes que apresentam hipersensibilidae ao medicamento. Utilizar com cautela em pacientes gestantes lactantes.,Bulário.xlsx,Cópia de Página1,109,dog,10-30mg/kg/8h - Via oral,ORAL
108,Hidróxido de alumínio,Utilizado como antiácido no tratamento de úlceras gastrointestinais e fósforo quelantes nos casos de hiperfosfatemia.,Não utilizar em pacientes que apresentam hipersensibilidae ao medicamento. Utilizar com cautela em pacientes gestantes lactantes.,Bulário.xlsx,Cópia de Página1,109,cat,10-30mg/kg/8h - Via oral,ORAL
109,Hydroviton/Hidroviton,"Utilizado como hidratante de atividade nutritiva que contém aminoácidos, lactato de sódio, ureia, alantoína e álcoois polivalentes",Não há relatos.,Bulário.xlsx,Cópia de Página1,110,dog,1-5%/animal - Uso tópico,
109,Hydroviton/Hidroviton,"Utilizado como hidratante de atividade nutritiva que contém aminoácidos, lactato de sódio, ureia, alantoína e álcoois polivalentes",Não há relatos.,Bulário.xlsx,Cópia de Página1,110,cat,1-5%/animal - Uso tópico,
110,Inositol,"Considerado como um dos ativos do complexo B, tem como a principal função neutralizar o colesterol. Utilizado também no controle das complicações resultantes do diabetes.",Não há relatos.,Bulário.xlsx,Cópia de Página1,111,dog,(Cães de raça pequena ou filhotes) 10-15mg/kg/24h - Via oral (Cães adultos) 10-35mg/kg/24h - Via Oral,ORAL
110,Inositol,"Considerado como um dos ativos do complexo B, tem como a principal função neutralizar o colesterol. Utilizado também no controle das complicações resultantes do diabetes.",Não há relatos.,Bulário.xlsx,Cópia de Página1,111,cat,10-15mg/kg/24h - Via oral,ORAL
111,Irgasan/Triclosan,"Utilizado como antisséptico contra bactérias gram-negativas, gram-positivas e fungos.",Não há relatos.,Bulário.xlsx,Cópia de Página1,112,dog,"0,1-1%/animal - Uso Tópico",
111,Irgasan/Triclosan,"Utilizado como antisséptico contra bactérias gram-negativas, gram-positivas e fungos.",Não há relatos.,Bulário.xlsx,Cópia de Página1,112,cat,"0,1-1%/animal - Uso Tópico",
112,Itraconazol,"Utilizado como antifúngico para o tratamento de micoses superficiais, subcutâneas e sistêmicas.","Não deve ser utilizado em pacientes que apresentam hipersensibilidade ao medicamento, gestantes, lactantes e aquelas que estão em período fértil. Utilizar com cautela em pacientes com hepatopatias e nefropatias.",Bulário.xlsx,Cópia de Página1,113,dog,2-10mg/kg/12-24h - Via Oral,ORAL
112,Itraconazol,"Utilizado como antifúngico para o tratamento de micoses superficiais, subcutâneas e sistêmicas.","Não deve ser utilizado em pacientes que apresentam hipersensibilidade ao medicamento, gestantes, lactantes e aquelas que estão em período fértil. Utilizar com cautela em pacientes com hepatopatias e nefropatias.",Bulário.xlsx,Cópia de Página1,113,cat,2-10mg/kg/12-24h - Via Oral,ORAL
113,Ivermectina,Utilizada como antiparasitário que possui ação ecto e endoparasiticida.,"O medicamento não deve ser utilizado em cães da raça Collie, Old English Shupdog, Shitland Shupdog e Australiano ou Sheepdog. Em gestantes, lactantes e animais com idade inferior a 6 semanas.",Bulário.xlsx,Cópia de Página1,114,dog,"(filaricida) 0,25mg/kg/24h - Via Oral (prevenção da dirofilariose) 0,006-0,012mg/kg/30 dias - Via Oral (demodicose) 0,4-0,6mg/kg/24h - Via Oral (outras parasitoses) 0,2-0,3mg/kg/24h - Via Oral",ORAL
113,Ivermectina,Utilizada como antiparasitário que possui ação ecto e endoparasiticida.,"O medicamento não deve ser utilizado em cães da raça Collie, Old English Shupdog, Shitland Shupdog e Australiano ou Sheepdog. Em gestantes, lactantes e animais com idade inferior a 6 semanas.",Bulário.xlsx,Cópia de Página1,114,cat,"(filaricida) 0,25mg/kg/24h - Via Oral",ORAL
114,Juá ext fluido,"Antisséptico e adstringente que equilibra a oleosidade natural da pele e pelagem. Também tem ação antimicrobianas, diuréticas, cardiotônicas, anti-inflamatórias e analgésicas.","Não utilizar em gestantes, lactantes e filhotes. Por conter saponina, o uso deve ser moderado.",Bulário.xlsx,Cópia de Página1,115,dog,De acordo com a formulação,
114,Juá ext fluido,"Antisséptico e adstringente que equilibra a oleosidade natural da pele e pelagem. Também tem ação antimicrobianas, diuréticas, cardiotônicas, anti-inflamatórias e analgésicas.","Não utilizar em gestantes, lactantes e filhotes. Por conter saponina, o uso deve ser moderado.",Bulário.xlsx,Cópia de Página1,115,cat,De acordo com a formulação,
115,Kawa Kawa ext seco,"Fitoterápico utilizado como tranquilizante e ansiolítico. Indicado para situações de estresse, insônia e depressão (coadjuvante).",Contra-indicado em pacientes com afecções hepáticas e/ou que utilizam medicamentos que possam causar hepatotoxicidade.,Bulário.xlsx,Cópia de Página1,116,dog,"1,4-5mg/kg/12h - Via Oral",ORAL
115,Kawa Kawa ext seco,"Fitoterápico utilizado como tranquilizante e ansiolítico. Indicado para situações de estresse, insônia e depressão (coadjuvante).",Contra-indicado em pacientes com afecções hepáticas e/ou que utilizam medicamentos que possam causar hepatotoxicidade.,Bulário.xlsx,Cópia de Página1,116,cat,"1,4-5mg/kg/12h - Via Oral",ORAL
116,L-Arginina,"Utilizado como fortificante nutricional, na produção de enzimas e como regulador de pH.",Não utilizar em pacientes portadores de insuficiência renal e hepática. Utilizar com cautela em pacientes com distúrbios eletrolíticas.,Bulário.xlsx,Cópia de Página1,117,dog,1-5mg/kg/24h - Via Oral,ORAL
116,L-Arginina,"Utilizado como fortificante nutricional, na produção de enzimas e como regulador de pH.",Não utilizar em pacientes portadores de insuficiência renal e hepática. Utilizar com cautela em pacientes com distúrbios eletrolíticas.,Bulário.xlsx,Cópia de Página1,117,cat,1-5mg/kg/24h - Via Oral,ORAL
117,L-Carnitina,"Suplementação de aminoácidos utilizado para tratamento de obesidade e lipidose hepática felina, e cardiomiopatia dilatada. Pode ser manuseado também para tratar casos de intoxicação por ácido valpróico.",Não utilizar em pacientes que apresentam pouca taxa de gordura ou patologias cardíacas.,Bulário.xlsx,Cópia de Página1,118,dog,50-100mg/kg/8-12h - Via Oral,ORAL
117,L-Carnitina,"Suplementação de aminoácidos utilizado para tratamento de obesidade e lipidose hepática felina, e cardiomiopatia dilatada. Pode ser manuseado também para tratar casos de intoxicação por ácido valpróico.",Não utilizar em pacientes que apresentam pouca taxa de gordura ou patologias cardíacas.,Bulário.xlsx,Cópia de Página1,118,cat,50-100mg/kg/8-12h - Via Oral,ORAL
118,L-Carnosina,"Antiglicante, utilizado para prevenir a nefropatia diabética e a retinopatia.",Não há relatos.,Bulário.xlsx,Cópia de Página1,119,dog,4mg/kg/24h - Via Oral,ORAL
118,L-Carnosina,"Antiglicante, utilizado para prevenir a nefropatia diabética e a retinopatia.",Não há relatos.,Bulário.xlsx,Cópia de Página1,119,cat,4mg/kg/24h - Via Oral,ORAL
119,L-Cisteína,"Aminoácido utilizado para fluidificação do muco do trato respiratório, processos de desintoxicação, remoção do excesso de cobre do organismo. Utilizado em associação á vitamina E e ao Selênio para a eliminação de radicais livres e; Isoladamente ou em associação à vitamina B6 no tratamento da alopecia.",Contraindicado para pacientes que apresentam insuficiência hepática ou renal grave e anúria.,Bulário.xlsx,Cópia de Página1,120,dog,1mg/kg/24h - Via Oral,ORAL
119,L-Cisteína,"Aminoácido utilizado para fluidificação do muco do trato respiratório, processos de desintoxicação, remoção do excesso de cobre do organismo. Utilizado em associação á vitamina E e ao Selênio para a eliminação de radicais livres e; Isoladamente ou em associação à vitamina B6 no tratamento da alopecia.",Contraindicado para pacientes que apresentam insuficiência hepática ou renal grave e anúria.,Bulário.xlsx,Cópia de Página1,120,cat,1mg/kg/24h - Via Oral,ORAL
120,L-Cistina,"Aminoácido utilizado para o tratamento de patologias respiratórias, como a bronquite. Utilizado também para os processos de cicatrização pós-cirúrgica e suplementação dietética, auxiliando na síntese de insulina. Ajuda na prevenção de queda de pelo.",Contraindicado em casos de cistinúria.,Bulário.xlsx,Cópia de Página1,121,dog,"0,2mg/kg/24h - Via Oral",ORAL
121,L-Fenilalanina,"Aminoácido essencial, utilizado para atuar na síntese proteíca.",Não há relatos.,Bulário.xlsx,Cópia de Página1,122,dog,13mg/kg/24h - Via Oral,ORAL
121,L-Fenilalanina,"Aminoácido essencial, utilizado para atuar na síntese proteíca.",Não há relatos.,Bulário.xlsx,Cópia de Página1,122,cat,13mg/kg/24h - Via Oral,ORAL
122,L-Glutamina,"Suplemento nutracêutico, utilizado como repositor energético.",Não utilizar em pacientes portadores de neoplasias.,Bulário.xlsx,Cópia de Página1,123,dog,"0,3-1mg/kg/24h - Via Oral.",ORAL
122,L-Glutamina,"Suplemento nutracêutico, utilizado como repositor energético.",Não utilizar em pacientes portadores de neoplasias.,Bulário.xlsx,Cópia de Página1,123,cat,"0,3-1mg/kg/24h - Via Oral.",ORAL
123,L-Histidina,"Aminoácido essencial, tem ação anti-inflamatória, contra o estresse oxidativo e desordens metabólicas.",Não utilizar em pacientes que fazem uso de antidepressivos.,Bulário.xlsx,Cópia de Página1,124,dog,3mg/kg/24h - Via Oral,ORAL
123,L-Histidina,"Aminoácido essencial, tem ação anti-inflamatória, contra o estresse oxidativo e desordens metabólicas.",Não utilizar em pacientes que fazem uso de antidepressivos.,Bulário.xlsx,Cópia de Página1,124,cat,3mg/kg/24h - Via Oral,ORAL
124,L-Isoleucina,"Aminoácido essencial, utilizado no processo de conjugação na detoxificação. É fundamental para a síntese de proteínas, contribui para o ganho de massa muscular, aumenta a disposição e a energia.",Não há relatos.,Bulário.xlsx,Cópia de Página1,125,dog,"5,5-11mg/kg/24h - Via Oral",ORAL
124,L-Isoleucina,"Aminoácido essencial, utilizado no processo de conjugação na detoxificação. É fundamental para a síntese de proteínas, contribui para o ganho de massa muscular, aumenta a disposição e a energia.",Não há relatos.,Bulário.xlsx,Cópia de Página1,125,cat,6-12mg/kg/24h - Via Oral,ORAL
125,L-Leucina,"Aminoácido essencial, utilizado no processo de conjugação na detoxificação. Utilizado também na manutenção da massa muscular, diminuição dos níveis de açúcar no sangue, aumento das defesas do organismo.",Não há relatos.,Bulário.xlsx,Cópia de Página1,126,dog,10-20mg/kg/24h - Via Oral,ORAL
125,L-Leucina,"Aminoácido essencial, utilizado no processo de conjugação na detoxificação. Utilizado também na manutenção da massa muscular, diminuição dos níveis de açúcar no sangue, aumento das defesas do organismo.",Não há relatos.,Bulário.xlsx,Cópia de Página1,126,cat,10-20mg/kg/24h - Via Oral,ORAL
126,L-Lisina,"Aminoácido nutracêutico utilizado para o aumento da imunidade em processos virais e para o tratamento adjuvante da herpesvirose felina. É necessária para o crescimento e desenvolvimento dos ossos em filhotes, para ajudar na absorção do cálcio e para manter o balanço nitrogenado em adultos.",Não utilizar em pacientes gestantes e lactantes. Utilizar com cautela em portadores de doenças renais.,Bulário.xlsx,Cópia de Página1,127,cat,(tratamento adjuvante para herpesviroses) 250mg/kg/24h administrado junto a alimentação.,
127,L-Teanina,Neuroprotetor indicado para o tratamento de redução dos sinais clínicos associados com medo e ansiedade. Utilizado também para a prevenção de isquemias cerebrais.,Não há relatos.,Bulário.xlsx,Cópia de Página1,128,dog,3-7mg/kg/24h - Via Oral.,ORAL
127,L-Teanina,Neuroprotetor indicado para o tratamento de redução dos sinais clínicos associados com medo e ansiedade. Utilizado também para a prevenção de isquemias cerebrais.,Não há relatos.,Bulário.xlsx,Cópia de Página1,128,cat,3-7mg/kg/24h - Via Oral.,ORAL
128,L-Tirosina,Suplemento nutricional utilizado para sitentizar a dopamina.,Não há relatos.,Bulário.xlsx,Cópia de Página1,129,dog,3-7mg/kg/24h - Via Oral.,ORAL
128,L-Tirosina,Suplemento nutricional utilizado para sitentizar a dopamina.,Não há relatos.,Bulário.xlsx,Cópia de Página1,129,cat,3-7mg/kg/24h - Via Oral.,ORAL
129,L-Treonina,Aminoácido essencial utilizado para a melhoraria do sistema imune. Está associado também ao fator de crescimento.,Não há relatos.,Bulário.xlsx,Cópia de Página1,130,dog,8mg/kg/24h - Via Oral.,ORAL
129,L-Treonina,Aminoácido essencial utilizado para a melhoraria do sistema imune. Está associado também ao fator de crescimento.,Não há relatos.,Bulário.xlsx,Cópia de Página1,130,cat,8mg/kg/24h - Via Oral.,ORAL
130,L-Valina,Aminoácido utilizada em combinação com a isoleucina e a leucina para melhorar o balanço nitrogenado e o metabolismo muscular.,Não há relatos.,Bulário.xlsx,Cópia de Página1,131,dog,"7,5mg/kg/24h - Via Oral.",ORAL
130,L-Valina,Aminoácido utilizada em combinação com a isoleucina e a leucina para melhorar o balanço nitrogenado e o metabolismo muscular.,Não há relatos.,Bulário.xlsx,Cópia de Página1,131,cat,"7,5mg/kg/24h - Via Oral.",ORAL
131,Lactobacillus casei,"Probiótico indicado para fortalecer o sistema imunológico e aliviar a constipação intestinal, para a melhoria do processo digestivo, ajuda manter, restaurar e regular a flora intestinal. Atua restaurando a função da barreira intestinal e na recomposição da microbiota intestinal, comprometida pelo uso de anti-inflamatórios. Adjuvante no tratamento de doenças hepáticas e nos distúrbios gastrointestinais. Além disso, participa da produção e otimiza a absorção de vitaminas do complexo B e K.","Probióticos devem ser utilizados com cautela em animais que apresentam síndrome do intestino curto, imunocomprometidos e idosos.",Bulário.xlsx,Cópia de Página1,132,dog,"(Animais de pequeno porte) 16,600,000 UFC/animal/24h (Animais de grande ou médio porte) 33.300.000 UFC/animal/24h - Via Oral",ORAL
131,Lactobacillus casei,"Probiótico indicado para fortalecer o sistema imunológico e aliviar a constipação intestinal, para a melhoria do processo digestivo, ajuda manter, restaurar e regular a flora intestinal. Atua restaurando a função da barreira intestinal e na recomposição da microbiota intestinal, comprometida pelo uso de anti-inflamatórios. Adjuvante no tratamento de doenças hepáticas e nos distúrbios gastrointestinais. Além disso, participa da produção e otimiza a absorção de vitaminas do complexo B e K.","Probióticos devem ser utilizados com cautela em animais que apresentam síndrome do intestino curto, imunocomprometidos e idosos.",Bulário.xlsx,Cópia de Página1,132,cat,"16,600,000 UFC/animal/24h - Via Oral.",ORAL
132,Lactobacillus rhamnosus,"Probiótico indicado para proteger e fortalecer a barreira epitelial, aumentar a resistência do sistema imunológico, manter o funcioamento adequado do organismo, tratar e prevenir contra diferentes tipos de diarreias.","Probióticos devem ser utilizados com cautela em animais que apresentam síndrome do intestino curto, imunocomprometidos e idosos.",Bulário.xlsx,Cópia de Página1,133,dog,"(Animais de pequeno porte) 16,600,000 UFC/animal/24h (Animais de grande ou médio porte) 33.300.000 UFC/animal/24h - Via Oral",ORAL
132,Lactobacillus rhamnosus,"Probiótico indicado para proteger e fortalecer a barreira epitelial, aumentar a resistência do sistema imunológico, manter o funcioamento adequado do organismo, tratar e prevenir contra diferentes tipos de diarreias.","Probióticos devem ser utilizados com cautela em animais que apresentam síndrome do intestino curto, imunocomprometidos e idosos.",Bulário.xlsx,Cópia de Página1,133,cat,"16,600,000 UFC/animal/24h - Via Oral.",ORAL
133,Lactobacilus acidophilus,"Probiótico indicado para auxiliar na modulação da atividade metabólica intestinal, contribuindo para o balanço da microbiota, redução da inflamação intestinal, prevenção e tratamento da diarreia e constipação intestinal.","Probióticos devem ser utilizados com cautela em animais que apresentam síndrome do intestino curto, imunocomprometidos e idosos.",Bulário.xlsx,Cópia de Página1,134,dog,"(Animais de pequeno porte) 16,600,000 UFC/animal/24h (Animais de grande ou médio porte) 33.300.000 UFC/animal/24h - Via Oral",ORAL
133,Lactobacilus acidophilus,"Probiótico indicado para auxiliar na modulação da atividade metabólica intestinal, contribuindo para o balanço da microbiota, redução da inflamação intestinal, prevenção e tratamento da diarreia e constipação intestinal.","Probióticos devem ser utilizados com cautela em animais que apresentam síndrome do intestino curto, imunocomprometidos e idosos.",Bulário.xlsx,Cópia de Página1,134,cat,"16,600,000 UFC/animal/24h - Via Oral.",ORAL
134,Lactobacilus plantarum,"Probiótico indicado para manter a flora natural do organismo em equilíbrio e controlar a proliferação de microrganismos que podem causar malefícios à saúde do animal. Contribui para o bom funcionamento do intestino, aliviando os sintomas de alterações gastrointestinais como cólicas, diarreias, prisão de ventre, além de facilitar a digestão da lactose e aliviar os sintomas relacionado a sua intolerância.","Probióticos devem ser utilizados com cautela em animais que apresentam síndrome do intestino curto, imunocomprometidos e idosos.",Bulário.xlsx,Cópia de Página1,135,dog,"(Animais de pequeno porte) 16,600,000 UFC/animal/24h (Animais de grande ou médio porte) 33.300.000 UFC/animal/24h - Via Oral",ORAL
134,Lactobacilus plantarum,"Probiótico indicado para manter a flora natural do organismo em equilíbrio e controlar a proliferação de microrganismos que podem causar malefícios à saúde do animal. Contribui para o bom funcionamento do intestino, aliviando os sintomas de alterações gastrointestinais como cólicas, diarreias, prisão de ventre, além de facilitar a digestão da lactose e aliviar os sintomas relacionado a sua intolerância.","Probióticos devem ser utilizados com cautela em animais que apresentam síndrome do intestino curto, imunocomprometidos e idosos.",Bulário.xlsx,Cópia de Página1,135,cat,"16,600,000 UFC/animal/24h - Via Oral.",ORAL
135,Levedo de cerveja (Saccharomyces cerevisiae),Nutracêutico utilizado como fonte de vitaminas do complexo B.,Não há relatos.,Bulário.xlsx,Cópia de Página1,136,dog,200mg/kg/24h - Via Oral,ORAL
135,Levedo de cerveja (Saccharomyces cerevisiae),Nutracêutico utilizado como fonte de vitaminas do complexo B.,Não há relatos.,Bulário.xlsx,Cópia de Página1,136,cat,200mg/kg/24h - Via Oral,ORAL
136,Levotiroxina sódica T4,Hormônio tireoidano utilizado para o tratamento hipotireoidismo.,"Utilizar com cautela em pacientes portadores de doenças cardíacas, diabetes mellitus e pacientes geriátricos coom hipoadrenocorticismo.",Bulário.xlsx,Cópia de Página1,137,dog,20mcg/kg/12h - Via Oral,ORAL
136,Levotiroxina sódica T4,Hormônio tireoidano utilizado para o tratamento hipotireoidismo.,"Utilizar com cautela em pacientes portadores de doenças cardíacas, diabetes mellitus e pacientes geriátricos coom hipoadrenocorticismo.",Bulário.xlsx,Cópia de Página1,137,cat,20mcg/kg/24h - Via Oral,ORAL
137,Licopeno,"Potente antioxidante capaz de proteger as células do nosso organismo contra os efeitos nocivos do excesso de radicais livres, reduzindo assim o risco de doenças crônicas.","Não utilizar em gestantes e lactantes, consultar o médico veterinário.",Bulário.xlsx,Cópia de Página1,138,dog,1mg/kg/24h - Via Oral.,ORAL
137,Licopeno,"Potente antioxidante capaz de proteger as células do nosso organismo contra os efeitos nocivos do excesso de radicais livres, reduzindo assim o risco de doenças crônicas.","Não utilizar em gestantes e lactantes, consultar o médico veterinário.",Bulário.xlsx,Cópia de Página1,138,cat,"0,2-0,5mg/kg/24h - Via Oral",ORAL
139,Lisinopril,Utilizado como anti-hipertensivo e Inibidor da ECA. . Pode ser usado como monoterapia (sozinho) ou associado a outras classes de medicamentos anti-hipertensivos.,"Não utilizar em pacientes gestantes e lactantes, utilizar com cautela em pacientes que apresentam insuficiência renal, hiponatremia, insuficiência cerebrovascular, alterações hematológicas e aumento da PIC.",Bulário.xlsx,Cópia de Página1,140,dog,"0,5mg/kg/24h - Via Oral.",ORAL
139,Lisinopril,Utilizado como anti-hipertensivo e Inibidor da ECA. . Pode ser usado como monoterapia (sozinho) ou associado a outras classes de medicamentos anti-hipertensivos.,"Não utilizar em pacientes gestantes e lactantes, utilizar com cautela em pacientes que apresentam insuficiência renal, hiponatremia, insuficiência cerebrovascular, alterações hematológicas e aumento da PIC.",Bulário.xlsx,Cópia de Página1,140,cat,"0,25-0,5mg/kg/24h - Via Oral",ORAL
140,Luteína,Utilizado para o tratamento de doenças oftalmológicas. Indicada também como suplemento alimentar e antioxidante.,Não utilizar em pacientes que apresentam hipersensibilidade ao medicamento.,Bulário.xlsx,Cópia de Página1,141,dog,"0,1-0,3 mg/kg/24h aumentando aos poucos para o máximo de 0,45 mg/kg. - Via Oral (Doenças retinianas) 0,45-0,6 mg/kg/24h por 9 semanas e, para manutenção, 0,3 mg/kg/24h - Via Oral.",ORAL
140,Luteína,Utilizado para o tratamento de doenças oftalmológicas. Indicada também como suplemento alimentar e antioxidante.,Não utilizar em pacientes que apresentam hipersensibilidade ao medicamento.,Bulário.xlsx,Cópia de Página1,141,cat,"0,1-0,3 mg/kg/24h aumentando aos poucos para o máximo de 0,45 mg/kg. - Via Oral (Doenças retinianas) 0,45-0,6 mg/kg/24h por 9 semanas e, para manutenção, 0,3 mg/kg/24h - Via Oral.",ORAL
142,Magnésio quelato,"Mineral indicado para a síntese de proteínas, redução do estresse, metabolismo e controle do cálcio. Reduz as citocinas inflamatórias e a contração muscular.",Deve ser utilizado com cautela em animais que apresentam a função renal comprometida.,Bulário.xlsx,Cópia de Página1,143,dog,"0,8-7mg/kg/24h - Via Oral.",ORAL
142,Magnésio quelato,"Mineral indicado para a síntese de proteínas, redução do estresse, metabolismo e controle do cálcio. Reduz as citocinas inflamatórias e a contração muscular.",Deve ser utilizado com cautela em animais que apresentam a função renal comprometida.,Bulário.xlsx,Cópia de Página1,143,cat,"0,8-7mg/kg/24h - Via Oral.",ORAL
144,Manganês Quelato,"Indicada para suplementação alimentar, como repositor de minerais e osteoprotetor.",Não há relatos.,Bulário.xlsx,Cópia de Página1,145,dog,2-10mg/kg/24h - Via Oral.,ORAL
144,Manganês Quelato,"Indicada para suplementação alimentar, como repositor de minerais e osteoprotetor.",Não há relatos.,Bulário.xlsx,Cópia de Página1,145,cat,2-10mg/kg/24h - Via Oral.,ORAL
145,Melatonina,Hormônio hipofisário utilizado para o tratamento de alterações dermatológicas e compotamentais.,"Não utilizar em gestantes e lactantes, utilizar com cautela em pacientes portadores de insuficiência renal e alterações do SNC.",Bulário.xlsx,Cópia de Página1,146,dog,3-12mg/animal/8-12h - Via Oral,ORAL
145,Melatonina,Hormônio hipofisário utilizado para o tratamento de alterações dermatológicas e compotamentais.,"Não utilizar em gestantes e lactantes, utilizar com cautela em pacientes portadores de insuficiência renal e alterações do SNC.",Bulário.xlsx,Cópia de Página1,146,cat,"1,5-6mg/animal/24h - Via Oral",ORAL
146,Melissa ext seco,"Indicada para auxiliar na ausência de apetite, na gastrite, nos espasmos gastrintestinais, nas disquinesias hepatobiliares, meteorismo, nas coleocistites, nas diarréias, na ansiedade, na insônia e na hipertensão arterial.",Avaliar o risco benefício do uso em gestantes e lactantes. Não utilizar em animais flhotes.,Bulário.xlsx,Cópia de Página1,147,dog,25-50mg/kg/24h - via Oral,ORAL
146,Melissa ext seco,"Indicada para auxiliar na ausência de apetite, na gastrite, nos espasmos gastrintestinais, nas disquinesias hepatobiliares, meteorismo, nas coleocistites, nas diarréias, na ansiedade, na insônia e na hipertensão arterial.",Avaliar o risco benefício do uso em gestantes e lactantes. Não utilizar em animais flhotes.,Bulário.xlsx,Cópia de Página1,147,cat,25-50mg/kg/24h - via Oral,ORAL
147,Meloxicam,"Analgésico e anti-inflamatório não-esteroidal. Indicado para dores osteoarticulares, inflamações do trato genitourinário, lesões traumáticas e pós cirúrgico.","Não utilizar em gestantes, lactantes e portadores de úlceras do TGI, hemorragias e insuficiência cardíaca, hepática ou renal graves. Deve ser utilizado com cautela em animais desidratados, hipotensos e hipovolêmicos.",Bulário.xlsx,Cópia de Página1,148,dog,"0,2mg/kg/24h - Via Oral",ORAL
147,Meloxicam,"Analgésico e anti-inflamatório não-esteroidal. Indicado para dores osteoarticulares, inflamações do trato genitourinário, lesões traumáticas e pós cirúrgico.","Não utilizar em gestantes, lactantes e portadores de úlceras do TGI, hemorragias e insuficiência cardíaca, hepática ou renal graves. Deve ser utilizado com cautela em animais desidratados, hipotensos e hipovolêmicos.",Bulário.xlsx,Cópia de Página1,148,cat,"0,1mg/kg/24h - Via Oral",ORAL
148,Mentol,"Utilizado em associação para tratamento de dores musculares, torções, distenções e pancadas.",Não há relatos.,Bulário.xlsx,Cópia de Página1,149,dog,"0,25-1% - Uso Tópico.",
148,Mentol,"Utilizado em associação para tratamento de dores musculares, torções, distenções e pancadas.",Não há relatos.,Bulário.xlsx,Cópia de Página1,149,cat,"0,25-1% - Uso Tópico.",
149,Mesalazina,Indicada para o tratamento de doença inflamatória intestinal crônica e também para a substituição da sulfasalazina naqueles indivíduos intolerantes às sulfonamidas.,Utilizar com cautela em gestantes e lactantes.,Bulário.xlsx,Cópia de Página1,150,dog,5-10mg/kg/8h - Via Oral.,ORAL
149,Mesalazina,Indicada para o tratamento de doença inflamatória intestinal crônica e também para a substituição da sulfasalazina naqueles indivíduos intolerantes às sulfonamidas.,Utilizar com cautela em gestantes e lactantes.,Bulário.xlsx,Cópia de Página1,150,cat,5-10mg/kg/8h - Via Oral.,ORAL
150,Metimazol,"Antitireoidiano, também é indicado para o tratamento de hipertireoidismo felino.","Não utilizar em pacientes que apresentam hipersensibilidade ao medicamento, gestantes, lactantes e portadores de trombocitopenia ou alterações hemorrágicas.",Bulário.xlsx,Cópia de Página1,151,cat,"2,5mg/animal/12-24h - Via Oral 1,25-5mg/animal/12h - Uso Tópico.",ORAL
151,Metionina,"Aminoácido sulfurado lipotrófico, adicificante urinário, também é utilizado como preventivo na formação de cálculos e redutor do odor amoniacal da urina.","Não deve ser utilizado em pacientes que apresentam insuficiência hepática ou renal, doença pancreática, acidose ou cálculos de urato ou oxalato.",Bulário.xlsx,Cópia de Página1,152,dog,200 a 1000mg/animal/8h - Via Oral,ORAL
151,Metionina,"Aminoácido sulfurado lipotrófico, adicificante urinário, também é utilizado como preventivo na formação de cálculos e redutor do odor amoniacal da urina.","Não deve ser utilizado em pacientes que apresentam insuficiência hepática ou renal, doença pancreática, acidose ou cálculos de urato ou oxalato.",Bulário.xlsx,Cópia de Página1,152,cat,200 a 1000mg/animal/24h - Via Oral,ORAL
152,Metronidazol,Nitroimidazol protozoocida e antibacteriano anaeróbicos.,"Não deve ser utilizado em pacientes gestantes e lactantes, animais muito debilitados. Ajustar a dose em pacientes que apresentam insuficiência hepática.",Bulário.xlsx,Cópia de Página1,153,dog,(giardíase) 25mg/kg/12h - Via Oral (anaeróbicos) 15mg/kg/12h - Via Oral,ORAL
152,Metronidazol,Nitroimidazol protozoocida e antibacteriano anaeróbicos.,"Não deve ser utilizado em pacientes gestantes e lactantes, animais muito debilitados. Ajustar a dose em pacientes que apresentam insuficiência hepática.",Bulário.xlsx,Cópia de Página1,153,cat,(giardíase) 25mg/kg/12h - Via Oral (anaeróbicos) 15mg/kg/12h - Via Oral,ORAL
153,Miconazol,"Antifíngico utilizado para o tratamento da dermatofitose, malasseziose, candidíase mucocutânea, genital ou auricular.",Não utilizar em gestantes e lactantes.,Bulário.xlsx,Cópia de Página1,154,dog,2%/animal/12-24h - Uso Tópico.,
153,Miconazol,"Antifíngico utilizado para o tratamento da dermatofitose, malasseziose, candidíase mucocutânea, genital ou auricular.",Não utilizar em gestantes e lactantes.,Bulário.xlsx,Cópia de Página1,154,cat,2%/animal/12-24h - Uso Tópico.,
154,Milbemicina Oxima,Antibiótico inibidor do GABA e antiparasitário.,Utilizar com cautela em pacientes portadores de infestação severa D. immitis.,Bulário.xlsx,Cópia de Página1,155,dog,"(prevenção da dirofilariose) 0,5-1mg/kg/24h - Via Oral (demodicose) 0,5-2mg/kg/24h - Via Oral",ORAL
154,Milbemicina Oxima,Antibiótico inibidor do GABA e antiparasitário.,Utilizar com cautela em pacientes portadores de infestação severa D. immitis.,Bulário.xlsx,Cópia de Página1,155,cat,(prevenção da dirofilariose) 2mg/kg/24h - Via Oral,ORAL
155,Mirtazapina,"Antidepressivo tetracíclico, utilizado também para estimulante do apetite e antiemético. MEDICAMENTO CONTROLADO.","Não deve ser utilizado em gestantes. Utilizar com cautela em portadores de doenças renais ou hepáticas, doenças cardíacas, cerebrovasculares, portadores de diabetes, discrasias sanguíneas, retenção urinária, hipertrofia prostática, obstrução intestinal ou íleo paralítico.",Bulário.xlsx,Cópia de Página1,156,dog,"1,1-1,3mg/kg/24h - Via Oral",ORAL
155,Mirtazapina,"Antidepressivo tetracíclico, utilizado também para estimulante do apetite e antiemético. MEDICAMENTO CONTROLADO.","Não deve ser utilizado em gestantes. Utilizar com cautela em portadores de doenças renais ou hepáticas, doenças cardíacas, cerebrovasculares, portadores de diabetes, discrasias sanguíneas, retenção urinária, hipertrofia prostática, obstrução intestinal ou íleo paralítico.",Bulário.xlsx,Cópia de Página1,156,cat,"1,88mg/kg/2dias - Via Oral (no pavilhão auricular) 7,5mg/animal/transdérmico",ORAL
156,Mometasona,"Corticóide utilizado no alívio da inflamação e coceira, em doenças cutâneas responsivas a corticóides tópicos.",Não utilizar em pacientes que apresentam hipersensibilidade ao medicamento ou a outros corticóides.,Bulário.xlsx,Cópia de Página1,157,dog,"0,03-2% - Uso Tópico",
156,Mometasona,"Corticóide utilizado no alívio da inflamação e coceira, em doenças cutâneas responsivas a corticóides tópicos.",Não utilizar em pacientes que apresentam hipersensibilidade ao medicamento ou a outros corticóides.,Bulário.xlsx,Cópia de Página1,157,cat,"0,03-0,2% - Uso Tópico",
157,Mos (Mananas frações ativas),"Prebiótico, utilizado para estimular o sistema imune e aumentar a concentração de imunoglobulina sérica.",Não há relatos.,Bulário.xlsx,Cópia de Página1,158,dog,20-40mg/kg/24h - Via Oral.,ORAL
157,Mos (Mananas frações ativas),"Prebiótico, utilizado para estimular o sistema imune e aumentar a concentração de imunoglobulina sérica.",Não há relatos.,Bulário.xlsx,Cópia de Página1,158,cat,20-40mg/kg/24h - Via Oral.,ORAL
158,MSM,"Derivado do DMSO tem ação anti-inflamatória e adjuvante no tratamento de osteoartrite. É uma fonte de enxofre que auxilia na produção de colágeno, proteoglicanos e crescimento da cartilagem. Quando utilizado com o Sulfato de Glucosamina, tem efeito sinérgico.",Não há relatos.,Bulário.xlsx,Cópia de Página1,159,dog,6-12mg/kg/24h - Via Oral,ORAL
158,MSM,"Derivado do DMSO tem ação anti-inflamatória e adjuvante no tratamento de osteoartrite. É uma fonte de enxofre que auxilia na produção de colágeno, proteoglicanos e crescimento da cartilagem. Quando utilizado com o Sulfato de Glucosamina, tem efeito sinérgico.",Não há relatos.,Bulário.xlsx,Cópia de Página1,159,cat,6-12mg/kg/24h - Via Oral,ORAL
159,Mulungu,"Fitoterápico utilizado como ansiolítico sedativo, antitussígeno e expectorante.",Usar com cautela em animais que fazem uso de ansiolíticos e antidepressivos.,Bulário.xlsx,Cópia de Página1,160,dog,5-10mg/kg/8-12h - Via Oral.,ORAL
159,Mulungu,"Fitoterápico utilizado como ansiolítico sedativo, antitussígeno e expectorante.",Usar com cautela em animais que fazem uso de ansiolíticos e antidepressivos.,Bulário.xlsx,Cópia de Página1,160,cat,5-10mg/kg/8-12h - Via Oral.,ORAL
160,Mupirocina,Antibiótico utilizado no tratamento de patologias dermatológicas.,Não utilizar em pacientes que apresentam hipersensibilidade ao princípio ativos. Usar com cautela em portadores de insuficiência renal grave.,Bulário.xlsx,Cópia de Página1,161,dog,"0,2 - 2%/animal/ 8h - Uso Tópico",
160,Mupirocina,Antibiótico utilizado no tratamento de patologias dermatológicas.,Não utilizar em pacientes que apresentam hipersensibilidade ao princípio ativos. Usar com cautela em portadores de insuficiência renal grave.,Bulário.xlsx,Cópia de Página1,161,cat,"0,2 - 2%/animal/ 8h - Uso Tópico",
161,N-acetil-D- Glucosamina,"Indicado para proteger e reforçar o revestimento interno da bexiga. Previnindo a formação de cristais na urina e de bactérias aderirem ao revestimento interno da bexiga, reduzindo a incidência de infecções.",Não utilizar em pacientes gestantes e lactantes.,Bulário.xlsx,Cópia de Página1,162,dog,20 mg/kg/24h - Via Oral.,ORAL
161,N-acetil-D- Glucosamina,"Indicado para proteger e reforçar o revestimento interno da bexiga. Previnindo a formação de cristais na urina e de bactérias aderirem ao revestimento interno da bexiga, reduzindo a incidência de infecções.",Não utilizar em pacientes gestantes e lactantes.,Bulário.xlsx,Cópia de Página1,162,cat,20 mg/kg/24h - Via Oral.,ORAL
162,N-Aceti L-Cisteina,"Mucolítico, inibidor da colagenase e antídoto do paracetamol.",Utilizar com cautela e com orientação médica em pacientes gestantes e lactantes.,Bulário.xlsx,Cópia de Página1,163,dog,(mucolítico) 10mg/kg/12h - Via oral. (intoxicação por paracetamol) 140 mg/kg seguidos de 4 doses adicionais de 70 mg/kg/6h de 5-15 dias - Via Oral.,ORAL
162,N-Aceti L-Cisteina,"Mucolítico, inibidor da colagenase e antídoto do paracetamol.",Utilizar com cautela e com orientação médica em pacientes gestantes e lactantes.,Bulário.xlsx,Cópia de Página1,163,cat,(mucolítico) 10mg/kg/12h - Via oral. (intoxicação por paracetamol) 140 mg/kg seguidos de 4 doses adicionais de 70 mg/kg/6h de 5-15 dias - Via Oral.,ORAL
163,Nitempiram,Este medicamento é indicado para o controle rápido e seguro de infestações de pulgas e miíases cutâneas em cães e felinos.,Não utilizar em cães e gatos com menos de 4 semanas de idade. Não utilizar em cães e gatos com menos de 1 kg de peso.,Bulário.xlsx,Cópia de Página1,164,dog,"1 mg/kg, a cada 24 horas, V.O. A frequência do tratamento depende do grau de infestação. Em caso de infestação grave por pulgas, pode ser necessário tratar os animais todos os dias ou de dois em dois dias até a infestação estar controlada.",
163,Nitempiram,Este medicamento é indicado para o controle rápido e seguro de infestações de pulgas e miíases cutâneas em cães e felinos.,Não utilizar em cães e gatos com menos de 4 semanas de idade. Não utilizar em cães e gatos com menos de 1 kg de peso.,Bulário.xlsx,Cópia de Página1,164,cat,"1 mg/kg, a cada 24 horas, V.O. A frequência do tratamento depende do grau de infestação. Em caso de infestação grave por pulgas, pode ser necessário tratar os animais todos os dias ou de dois em dois dias até a infestação estar controlada.",
164,Oclacitinib,Utilizado para controle de prurido associado com dermatite alérgica e controle de dermatite atópica.,"Não usar em cães com menos de 12 meses de idade, com infecções graves, cães reprodutores, cadelas prenhas ou em estado de lactação. Adicionalmente, o oclacitinibe pode aumentar a susceptibilidade de infecção, incluindo dermodicoses e condições neoplásicas exacerbadas. Embora não haja constatações, o oclacitinibe tem sido usado de forma segura conjuntamente com vacinas.",Bulário.xlsx,Cópia de Página1,165,dog,"0,4 – 0,6mg/kg, VO, 2 vezes ao dia, por 14 dias e após, 1 vez ao dia para manutenção da terapia.",VO
165,Óleo de amêndoas doce,"Tem ação nutritiva, hidratante e emoliente.",Não há relatos.,Bulário.xlsx,Cópia de Página1,166,dog,"0,5-5% - Uso Tópico",
165,Óleo de amêndoas doce,"Tem ação nutritiva, hidratante e emoliente.",Não há relatos.,Bulário.xlsx,Cópia de Página1,166,cat,"0,5-5% - Uso Tópico",
166,Óleo de macadâmia,"Tem ação nutritiva, hidratante e emoliente.",Não há relatos. Não administar óleos essenciais por via oral.,Bulário.xlsx,Cópia de Página1,167,dog,"0,5-5% - Uso Tópico",
166,Óleo de macadâmia,"Tem ação nutritiva, hidratante e emoliente.",Não há relatos. Não administar óleos essenciais por via oral.,Bulário.xlsx,Cópia de Página1,167,cat,"0,5-5% - Uso Tópico",
167,Óleo de melaleuca,"Tem ação antifúngica, anti-séptica e cicatrizante.",Não há relatos. Não administar óleos essenciais por via oral.,Bulário.xlsx,Cópia de Página1,168,dog,1-5% - Uso Tópico,
167,Óleo de melaleuca,"Tem ação antifúngica, anti-séptica e cicatrizante.",Não há relatos. Não administar óleos essenciais por via oral.,Bulário.xlsx,Cópia de Página1,168,cat,1-5% - Uso Tópico,
168,Óleo de neem,"Atua como anti-pulgas, inseticida natural.",Não há relatos. Não administar óleos essenciais por via oral.,Bulário.xlsx,Cópia de Página1,169,dog,3% - Uso Tópico,
168,Óleo de neem,"Atua como anti-pulgas, inseticida natural.",Não há relatos. Não administar óleos essenciais por via oral.,Bulário.xlsx,Cópia de Página1,169,cat,3% - Uso Tópico,
170,Óleo semente de uva,"Tem ação hidratante, anti-inflamatória, cicatrizante e levemente adistringente.",Não há relatos. Não administar óleos essenciais por via oral.,Bulário.xlsx,Cópia de Página1,171,dog,1-5% - Uso Tópico.,
170,Óleo semente de uva,"Tem ação hidratante, anti-inflamatória, cicatrizante e levemente adistringente.",Não há relatos. Não administar óleos essenciais por via oral.,Bulário.xlsx,Cópia de Página1,171,cat,1-5% - Uso Tópico.,
171,Ômega 3,"Fonte de ácido graxo, utilizado para manter a integridade da barreira cutânea e hidratação da pele. Em cães é indicado para prurido, atopia, alergia alimentar, para o controle de inflamações ou doenças autoimunes.","Contra-indicado para animais com problemas de coagulação, portadores de hemofilia, próteses cardíacas, gestantes e lactantes e pacientes de tratamento oncológico.",Bulário.xlsx,Cópia de Página1,172,dog,50mg/kg/24h - Via Oral,ORAL
171,Ômega 3,"Fonte de ácido graxo, utilizado para manter a integridade da barreira cutânea e hidratação da pele. Em cães é indicado para prurido, atopia, alergia alimentar, para o controle de inflamações ou doenças autoimunes.","Contra-indicado para animais com problemas de coagulação, portadores de hemofilia, próteses cardíacas, gestantes e lactantes e pacientes de tratamento oncológico.",Bulário.xlsx,Cópia de Página1,172,cat,50mg/kg/24h - Via Oral,ORAL
172,Ômega 6,"Antioxidante, anti-inflamatório e em atopias. Indicado também para manter a integridade da barreira cultânea e hidratação da pele. Ajuda no crescimento celular, sendo importante para o cérebro e músculos.","Contra-indicado para animais com problemas de coagulação, portadores de hemofilia, próteses cardíacas, gestantes e lactantes e pacientes de tratamento oncológico.",Bulário.xlsx,Cópia de Página1,173,dog,25mg/kg/24h - Via Oral,ORAL
172,Ômega 6,"Antioxidante, anti-inflamatório e em atopias. Indicado também para manter a integridade da barreira cultânea e hidratação da pele. Ajuda no crescimento celular, sendo importante para o cérebro e músculos.","Contra-indicado para animais com problemas de coagulação, portadores de hemofilia, próteses cardíacas, gestantes e lactantes e pacientes de tratamento oncológico.",Bulário.xlsx,Cópia de Página1,173,cat,25mg/kg/24h - Via Oral,ORAL
173,Omeprazol pellets,"Atua inibindo a H+K+-ATPase, enzima disponível especificamente na célula parietal do estômago e responsável por uma das etapas finais no mecanismo de produção do ácido a nível gástrico. Indicado para o tratamento de úlcera péptica gástrica, ou duodenal, esofagite de refluxo e Síndrome de Zollinger-Ellison.",Não utilizar em gestantes e lactantes. Ajustar a dose em animais portadores de hepatopatias e nefropatias.,Bulário.xlsx,Cópia de Página1,174,dog,"0,5-1mg/kg/24h - Via Oral",ORAL
173,Omeprazol pellets,"Atua inibindo a H+K+-ATPase, enzima disponível especificamente na célula parietal do estômago e responsável por uma das etapas finais no mecanismo de produção do ácido a nível gástrico. Indicado para o tratamento de úlcera péptica gástrica, ou duodenal, esofagite de refluxo e Síndrome de Zollinger-Ellison.",Não utilizar em gestantes e lactantes. Ajustar a dose em animais portadores de hepatopatias e nefropatias.,Bulário.xlsx,Cópia de Página1,174,cat,"0,5-1mg/kg/24h - Via Oral",ORAL
174,Omeprazol pó,Inibidor da bomba de prótons utilizado para reduzir as secreções gastroduodenais.,Não utilizar em gestantes e lactantes. Ajustar a dose em animais portadores de hepatopatias e nefropatias.,Bulário.xlsx,Cópia de Página1,175,dog,1mg/kg24h - Via Oral,ORAL
174,Omeprazol pó,Inibidor da bomba de prótons utilizado para reduzir as secreções gastroduodenais.,Não utilizar em gestantes e lactantes. Ajustar a dose em animais portadores de hepatopatias e nefropatias.,Bulário.xlsx,Cópia de Página1,175,cat,1mg/kg24h - Via Oral,ORAL
175,Ondansetrona,"Antagonista dos recptores de serotonina, antiemético utilizado para quadros de vômitos profusos.","Utilizar com cautela em pacientes lactantes, portadores de insuficiência hepática e animais da raça Collie, Pastor de Shetland, Pastor Australiano e seus mestiços.",Bulário.xlsx,Cópia de Página1,176,dog,"0,1-0,2mg/kg/6-12h - Via Oral",ORAL
175,Ondansetrona,"Antagonista dos recptores de serotonina, antiemético utilizado para quadros de vômitos profusos.","Utilizar com cautela em pacientes lactantes, portadores de insuficiência hepática e animais da raça Collie, Pastor de Shetland, Pastor Australiano e seus mestiços.",Bulário.xlsx,Cópia de Página1,176,cat,1mg/kg/24h - Via Oral,ORAL
176,Pancreatina,"Associação de enzimas pancreáticas (lipase, amilase e protease) para terapia de reposição da insuficiência pancreática exógena.",Avaliar o risco benefício em pacientes gestantes e lactantes.,Bulário.xlsx,Cópia de Página1,177,dog,"0,5-6g/animal/refeição - Via Oral Recomenda-se administrar 15-20 minutos antes da alimentação e dar doses empíricas.",ORAL
176,Pancreatina,"Associação de enzimas pancreáticas (lipase, amilase e protease) para terapia de reposição da insuficiência pancreática exógena.",Avaliar o risco benefício em pacientes gestantes e lactantes.,Bulário.xlsx,Cópia de Página1,177,cat,"0,5-6g/animal/refeição - Via Oral Recomenda-se administrar 15-20 minutos antes da alimentação e dar doses empíricas.",ORAL
177,Papaína,Enzima alimentar queacelera o processo de digestão para animais com metabolismo lento ou deficiências gastrointestinais (uso oral) e anti-inflamatório com efeito cicatrizante de feridas (uso tópico),Não utilizar em pacientes que apresentam hipersensibilidade ao princípio ativo.,Bulário.xlsx,Cópia de Página1,178,dog,100-300mg/animal/24h- Via oral 1-2%- Uso tópico,ORAL
177,Papaína,Enzima alimentar queacelera o processo de digestão para animais com metabolismo lento ou deficiências gastrointestinais (uso oral) e anti-inflamatório com efeito cicatrizante de feridas (uso tópico),Não utilizar em pacientes que apresentam hipersensibilidade ao princípio ativo.,Bulário.xlsx,Cópia de Página1,178,cat,1-2%- Uso tópico,
178,Passiflora ext seco,"Tem ação ansiolítica, sedativa, atua contra a tensão nervosa e insônia, pode ser utilizado também como diurético, anti-hipertensivo, antiarrítmico, antiespasmódico, antimicrobiano.","Não utilizar em pacientes que apresentam hipersensibilidade ao princípio ativo, em gestantes e lactantes.",Bulário.xlsx,Cópia de Página1,179,dog,5-10mg/kg/24h - Via Oral.,ORAL
178,Passiflora ext seco,"Tem ação ansiolítica, sedativa, atua contra a tensão nervosa e insônia, pode ser utilizado também como diurético, anti-hipertensivo, antiarrítmico, antiespasmódico, antimicrobiano.","Não utilizar em pacientes que apresentam hipersensibilidade ao princípio ativo, em gestantes e lactantes.",Bulário.xlsx,Cópia de Página1,179,cat,5-10mg/kg/24h - Via Oral.,ORAL
179,PEA (Palmitoetanolamida),"Anti-inflamatório e analgésico que atua nos receptores canabinóides, eficaz no tratamento de dores de origem neuropática.",Não há relatos.,Bulário.xlsx,Cópia de Página1,180,dog,10-30mg/kg/24h,
179,PEA (Palmitoetanolamida),"Anti-inflamatório e analgésico que atua nos receptores canabinóides, eficaz no tratamento de dores de origem neuropática.",Não há relatos.,Bulário.xlsx,Cópia de Página1,180,cat,100-200mg/animal-24h,
180,Picolinato de Cromo,Nutracêutico utilizado para o tratamento adjuvante do diabetes e obesidade. Influencia positivamente no metabolismo da glicose e na diminuição do colesterol e triglicerídeos altos.,Utilizar com cautela em pacientes que apresentam insuficiência renal e animais que recebem medicamentos modificadores do comportamento.,Bulário.xlsx,Cópia de Página1,181,dog,10mcg/kg/24h- Via oral,ORAL
180,Picolinato de Cromo,Nutracêutico utilizado para o tratamento adjuvante do diabetes e obesidade. Influencia positivamente no metabolismo da glicose e na diminuição do colesterol e triglicerídeos altos.,Utilizar com cautela em pacientes que apresentam insuficiência renal e animais que recebem medicamentos modificadores do comportamento.,Bulário.xlsx,Cópia de Página1,181,cat,10mcg/kg/24h- Via oral,ORAL
181,Pimobendan,"Inodilatador utilizada para o para início do tratamento de insuficiência cardíaca congestiva, insuficiência valvar ou cardiomiopatia.",Utilizar com cautela em pacientes que apresentam hipersensibilidade ao princípio ativo. Utilizar com cautela em pacientes portadores de arritmias.,Bulário.xlsx,Cópia de Página1,182,dog,"0,25-0,3mg/kg/12h - Via Oral",ORAL
181,Pimobendan,"Inodilatador utilizada para o para início do tratamento de insuficiência cardíaca congestiva, insuficiência valvar ou cardiomiopatia.",Utilizar com cautela em pacientes que apresentam hipersensibilidade ao princípio ativo. Utilizar com cautela em pacientes portadores de arritmias.,Bulário.xlsx,Cópia de Página1,182,cat,"1,25mg/animal/12h - Via Oral",ORAL
182,Piperina,"Estimulante da glicoproteína P, que irá realizar a detoxicação celular.",Não há evidências. Não utilizar em felinos.,Bulário.xlsx,Cópia de Página1,183,dog,10-25mcg/kg/24h - Via Oral,ORAL
183,Pirantel,Utilizado contra os ascarídeos.,Utilizar com cautela em animais debilitados.,Bulário.xlsx,Cópia de Página1,184,dog,5-10mg/kg/24h - Via Oral. Repetir após 2 semanas,ORAL
183,Pirantel,Utilizado contra os ascarídeos.,Utilizar com cautela em animais debilitados.,Bulário.xlsx,Cópia de Página1,184,cat,5-10mg/kg/24h - Via Oral. Repetir após 2 semanas,ORAL
184,Piroxicam,"Atua como anti-inflamatório não esteroidal, analgésico e como terapia adjuvante de algumas neoplasias.","Não utilizar em gestantes e lactantes. Utilizar com cautela em portadores de ulcerações gastrointestinais, coagulopatias e cardiopatias graves. Utilizar com extrema cautela em felinos.",Bulário.xlsx,Cópia de Página1,185,dog,"0,3mg/kg/24-72h - Via Oral",ORAL
184,Piroxicam,"Atua como anti-inflamatório não esteroidal, analgésico e como terapia adjuvante de algumas neoplasias.","Não utilizar em gestantes e lactantes. Utilizar com cautela em portadores de ulcerações gastrointestinais, coagulopatias e cardiopatias graves. Utilizar com extrema cautela em felinos.",Bulário.xlsx,Cópia de Página1,185,cat,"0,3mg/kg/24-48h - Via Oral Não utilizar por mais de 7 dias.",ORAL
185,Pirroloquinolina quinona Vitamina PQQ,"Antioxidante utilizado para aumentar a produção de mitocôndrias. Utilizado tembém como imunomodulador e cardioprotetor, tem efeito neuroprotetor.",Não há relatos.,Bulário.xlsx,Cópia de Página1,186,dog,80-110mcg/kg/24h - Via Oral,ORAL
185,Pirroloquinolina quinona Vitamina PQQ,"Antioxidante utilizado para aumentar a produção de mitocôndrias. Utilizado tembém como imunomodulador e cardioprotetor, tem efeito neuroprotetor.",Não há relatos.,Bulário.xlsx,Cópia de Página1,186,cat,80-110mcg/kg/24h - Via Oral,ORAL
186,Pool lactobacillus,Probiótico indicado na colonização e recomposição da microbiota intestinal.,"Probióticos devem ser utilizados com cautela em animais que apresentam síndrome do intestino curto, imunocomprometidos e idosos.",Bulário.xlsx,Cópia de Página1,187,dog,"(Animais de pequeno porte) 16,600,000 UFC/animal/24h (Animais de grande ou médio porte) 33.300.000 UFC/animal/24h - Via Oral",ORAL
186,Pool lactobacillus,Probiótico indicado na colonização e recomposição da microbiota intestinal.,"Probióticos devem ser utilizados com cautela em animais que apresentam síndrome do intestino curto, imunocomprometidos e idosos.",Bulário.xlsx,Cópia de Página1,187,cat,"16,600,000 UFC/animal/24h - Via Oral.",ORAL
187,Potássio,"Mineral essencial para a síntese de proteínas e glicogênio, está presente no mecanismo de contração e relaxamento muscular. Também ação anti-hipertensiva.","Nâo utilizar em animais portadores de hipercalemia, insuficiência renal, hemólise intensa, hipoadrenocorticismo e desidratação grave. Utilizar com cautela em pacientes que apresentam desidratação, destruição tecidual extensa, uremia e infecções agudas.",Bulário.xlsx,Cópia de Página1,188,dog,"0,1-2g/animal/8h - Via Oral.",ORAL
187,Potássio,"Mineral essencial para a síntese de proteínas e glicogênio, está presente no mecanismo de contração e relaxamento muscular. Também ação anti-hipertensiva.","Nâo utilizar em animais portadores de hipercalemia, insuficiência renal, hemólise intensa, hipoadrenocorticismo e desidratação grave. Utilizar com cautela em pacientes que apresentam desidratação, destruição tecidual extensa, uremia e infecções agudas.",Bulário.xlsx,Cópia de Página1,188,cat,100-325mg/animal/12h - Via Oral.,ORAL
188,Praziquantel,Prazinoisoquinolina anti-helmíntica utilizada no tratamento de infestações causadas por cestóides.,Não deve ser utilizado em cães com idade inferior a 4 semanas e gatos com idade inferior a 6 semanas. Não administrar em animais lactantes e gestantes.,Bulário.xlsx,Cópia de Página1,189,dog,5-10mg/kg - Via Oral Repetir dose após 3 semanas.,ORAL
188,Praziquantel,Prazinoisoquinolina anti-helmíntica utilizada no tratamento de infestações causadas por cestóides.,Não deve ser utilizado em cães com idade inferior a 4 semanas e gatos com idade inferior a 6 semanas. Não administrar em animais lactantes e gestantes.,Bulário.xlsx,Cópia de Página1,189,cat,5-10mg/kg - Via Oral Repetir dose após 3 semanas.,ORAL
189,Prednisolona (uso tópico e oral),"Glicocorticóide anti-inflamatório e imunossupressor. Utilizado para tratar doenças do trato respiratório, patologias dermatológicas, hematológicas e renais e, casos de reumatismo.","Não utilizar em gestantes e lactantes, animais em crescimento ou portadores de trombocitopenia idiopática, micoses profundas e processos cicatriciais, pricipalmente aqueles envolvendo córnea e ossos.",Bulário.xlsx,Cópia de Página1,190,dog,"(alergia) 0,5-1,0mg/kg/12h - Via Oral (imunossupressor) 2mg/kg/12h - Via Oral (uso prolongado) 0,5-2,0mg/kg em manhãs alternadas - Via Oral.",ORAL
189,Prednisolona (uso tópico e oral),"Glicocorticóide anti-inflamatório e imunossupressor. Utilizado para tratar doenças do trato respiratório, patologias dermatológicas, hematológicas e renais e, casos de reumatismo.","Não utilizar em gestantes e lactantes, animais em crescimento ou portadores de trombocitopenia idiopática, micoses profundas e processos cicatriciais, pricipalmente aqueles envolvendo córnea e ossos.",Bulário.xlsx,Cópia de Página1,190,cat,"(alergia) 0,5-1,0mg/kg/12h - Via Oral (imunossupressor) 3mg/kg/12h - Via Oral (uso prolongado) 2-4mg/kg em noites alternadas - Via Oral.",ORAL
190,Pregabalina,"Análogo do GABA, anlgésico e adjuvante no tratamento de convulsões. MEDICAMENTO CONTROLADO.",Não utilizar em gestantes e fazer ajuste de dose em pacientes portadores de insuficiência renal.,Bulário.xlsx,Cópia de Página1,191,dog,3-4mg/kg/12h - Via Oral,ORAL
190,Pregabalina,"Análogo do GABA, anlgésico e adjuvante no tratamento de convulsões. MEDICAMENTO CONTROLADO.",Não utilizar em gestantes e fazer ajuste de dose em pacientes portadores de insuficiência renal.,Bulário.xlsx,Cópia de Página1,191,cat,1-2mg/kg/12h - Via Oral,ORAL
191,Própolis ext fluido,"O Própolis tem propriedades conhecidas, como anti-inflamatória, antibacteriana, antiviral e antifúngica. Além disso, pode atuar como cicatrizante, anestésico e estimulante do sistema imunológico.",Avaliar risco beneficío em gestantes e lactantes.,Bulário.xlsx,Cópia de Página1,192,dog,2 - 10% - Uso Tópico.,
191,Própolis ext fluido,"O Própolis tem propriedades conhecidas, como anti-inflamatória, antibacteriana, antiviral e antifúngica. Além disso, pode atuar como cicatrizante, anestésico e estimulante do sistema imunológico.",Avaliar risco beneficío em gestantes e lactantes.,Bulário.xlsx,Cópia de Página1,192,cat,2 - 10% - Uso Tópico.,
193,Psyllium pó,Tem ação laxante formador de massa e regulador do transito intestinal.,Não utilizar em em portadores de fecaloma ou obstrução intestinal.,Bulário.xlsx,Cópia de Página1,194,dog,"2-10g/animal/2-24h - Via Oral, junto com alimento líquido ou pastoso.",ORAL
193,Psyllium pó,Tem ação laxante formador de massa e regulador do transito intestinal.,Não utilizar em em portadores de fecaloma ou obstrução intestinal.,Bulário.xlsx,Cópia de Página1,194,cat,"1-4g/animal/12-24h - Via Oral, junto com alimento liquido ou pastoso.",ORAL
194,Quercetina,"Flavonóide abundante em frutas e vegetais, com propriedades antioxidantes e antiinflamatórias, indicada para a prevenção e tratamento de doenças como diabetes, obesidade e doenças cardiovasculares.",Avaliar risco beneficío em gestantes e lactantes e em pacientes portadores de hipertensão.,Bulário.xlsx,Cópia de Página1,195,dog,3-5mg/kg/24h - Via Oral,ORAL
194,Quercetina,"Flavonóide abundante em frutas e vegetais, com propriedades antioxidantes e antiinflamatórias, indicada para a prevenção e tratamento de doenças como diabetes, obesidade e doenças cardiovasculares.",Avaliar risco beneficío em gestantes e lactantes e em pacientes portadores de hipertensão.,Bulário.xlsx,Cópia de Página1,195,cat,2mg/kg/24h - Via Oral,ORAL
195,Resveratrol,"Tem ação protetora contra infecções por fungos ou bactérias, atuando como antioxidantes. Utilizado também para proteger de doenças cardiovasculares, câncer, diabetes tipo II e doenças neurológicas.",Não utilizar em gestantes e lactantes.,Bulário.xlsx,Cópia de Página1,196,dog,2mg/kg/24h - Via Oral,ORAL
195,Resveratrol,"Tem ação protetora contra infecções por fungos ou bactérias, atuando como antioxidantes. Utilizado também para proteger de doenças cardiovasculares, câncer, diabetes tipo II e doenças neurológicas.",Não utilizar em gestantes e lactantes.,Bulário.xlsx,Cópia de Página1,196,cat,"3mg/animal/12-24h - Via Oral, após a refeição.",ORAL
196,Rhodiola Rosea,"Neuroprotetora utilizada para otimizar os níveis de serotonina e dopamina, com a finalidade de reduzir casos de estresse e ansiedade.",Não deve ser administrado em pacientes filhotes.,Bulário.xlsx,Cópia de Página1,197,dog,"4,2mg/kg/24h - Via Oral.",ORAL
196,Rhodiola Rosea,"Neuroprotetora utilizada para otimizar os níveis de serotonina e dopamina, com a finalidade de reduzir casos de estresse e ansiedade.",Não deve ser administrado em pacientes filhotes.,Bulário.xlsx,Cópia de Página1,197,cat,"4,2mg/kg/24h - Via Oral.",ORAL
197,Ribavirina,Utilizado como antiviral para o tratamento de cinomose e outras viroses animais. MEDICAMENTO CONTROLADO.,Não deve ser utilizado em gestantes.,Bulário.xlsx,Cópia de Página1,198,dog,30mg/kg/24h - Via Oral,ORAL
198,Rutina,"Antioxidante utilizado para aumentar a resistência dos capilares, vasos sanguíneos, regulando a sua permeabilidade. Utilizado também para o tratamento de diversos estados que se caracterizam por hemorragia e excessiva fragilidade capilar. Estudos recentes comprovam a eficácia desse ativo para o tratamento de felinos com quilotórax idiopático.",Não deve ser utilizado em gestantes.,Bulário.xlsx,Cópia de Página1,199,dog,30mg/kg/24h - Via Oral,ORAL
198,Rutina,"Antioxidante utilizado para aumentar a resistência dos capilares, vasos sanguíneos, regulando a sua permeabilidade. Utilizado também para o tratamento de diversos estados que se caracterizam por hemorragia e excessiva fragilidade capilar. Estudos recentes comprovam a eficácia desse ativo para o tratamento de felinos com quilotórax idiopático.",Não deve ser utilizado em gestantes.,Bulário.xlsx,Cópia de Página1,199,cat,(efusão pleural) 30-50mg/kg/12-24h - Via Oral,ORAL
199,Same (S-adenosil Metionina),"Suplemento nutricional, indicado no tratamento de hepatopatias, degeneração mental e artrite.",Não deve ser utilizado em gestantes e lactantes. Utlizar com cautela em pacientes diabéticos.,Bulário.xlsx,Cópia de Página1,200,dog,20mg/kg/24h - Via Oral,ORAL
199,Same (S-adenosil Metionina),"Suplemento nutricional, indicado no tratamento de hepatopatias, degeneração mental e artrite.",Não deve ser utilizado em gestantes e lactantes. Utlizar com cautela em pacientes diabéticos.,Bulário.xlsx,Cópia de Página1,200,cat,90mg/animal/24h - Via Oral,ORAL
200,Selegilina,Utilizado no tratamento de hiperadrenocorticismo e disfunção cognitiva em cães idosos. MEDICAMENTO CONTROLADO.,Não utilizar em pacientes que apresentam hpersensibilidade ao princípio ativo e em pacientes portadores de tumores adrenais.,Bulário.xlsx,Cópia de Página1,201,dog,1-2mg/kg/24h - Via Oral.,ORAL
200,Selegilina,Utilizado no tratamento de hiperadrenocorticismo e disfunção cognitiva em cães idosos. MEDICAMENTO CONTROLADO.,Não utilizar em pacientes que apresentam hpersensibilidade ao princípio ativo e em pacientes portadores de tumores adrenais.,Bulário.xlsx,Cópia de Página1,201,cat,"0,25-0,5mg/kg/24h - Via Oral.",ORAL
201,Selênio quelato,"Antioxidante utilizado para a prevenção de diversas doenças inflamatórias típicas do envelhecimento, como a artrite, prevenção da vasoconstrição e o aumento da chance de formação de trombos.",Não há relatos.,Bulário.xlsx,Cópia de Página1,202,dog,3mcg/kg/24h - Via Oral,ORAL
201,Selênio quelato,"Antioxidante utilizado para a prevenção de diversas doenças inflamatórias típicas do envelhecimento, como a artrite, prevenção da vasoconstrição e o aumento da chance de formação de trombos.",Não há relatos.,Bulário.xlsx,Cópia de Página1,202,cat,2mcg/kg/24h - Via Oral,ORAL
202,Sildenafil,Utilizado no tratamento de hipertensão pulmonar e megaesôfago congênito idiopático em cães.,Não utilizar em pacientes que apresentam hipersensibilidade ao medicamento.,Bulário.xlsx,Cópia de Página1,203,dog,"0,5-3mg/kg/8-12h - Via Oral.",ORAL
202,Sildenafil,Utilizado no tratamento de hipertensão pulmonar e megaesôfago congênito idiopático em cães.,Não utilizar em pacientes que apresentam hipersensibilidade ao medicamento.,Bulário.xlsx,Cópia de Página1,203,cat,1mg/kg/8-12h - Via Oral.,ORAL
203,Silibin,Utilizado como hepatoprotetor e no tratamento de hepatopatias agudas e crônicas (substância ativa do silimarina que apresenta-se em menor dose e mais palatável).,Não utilizar em pacientes que apresentam hipersensibilidade ao princípio ativo e em portadores de obstáculos mecânicos no trato biliar.,Bulário.xlsx,Cópia de Página1,204,dog,5-15mg/kg/24h - Via Oral.,ORAL
203,Silibin,Utilizado como hepatoprotetor e no tratamento de hepatopatias agudas e crônicas (substância ativa do silimarina que apresenta-se em menor dose e mais palatável).,Não utilizar em pacientes que apresentam hipersensibilidade ao princípio ativo e em portadores de obstáculos mecânicos no trato biliar.,Bulário.xlsx,Cópia de Página1,204,cat,5-15mg/kg/24h - Via Oral.,ORAL
204,Silimarina,Utilizado como hepatoprotetor e para o tratamento adjuvante de doenças hepáticas ou reações hepatotóxicas. Também é indicado em situações de sobrecarga hepática.,Não utilizar em pacientes que apresentam hipersensibilidade ao princípio ativo e em portadores de obstáculos mecânicos no trato biliar.,Bulário.xlsx,Cópia de Página1,205,dog,20-50mg/kg/24h - Via Oral.,ORAL
204,Silimarina,Utilizado como hepatoprotetor e para o tratamento adjuvante de doenças hepáticas ou reações hepatotóxicas. Também é indicado em situações de sobrecarga hepática.,Não utilizar em pacientes que apresentam hipersensibilidade ao princípio ativo e em portadores de obstáculos mecânicos no trato biliar.,Bulário.xlsx,Cópia de Página1,205,cat,20-50mg/kg/24h - Via Oral.,ORAL
205,Simeticone/Dimeticone,"Utilizado como antiflatulento. É indicada também para o alívio do excesso de gases no aparelho gastrintestinal, meteorismo, eructação e borborigmos. Utilizado para o preparo pré exame ultrassonográfico.",Não fazer a utilização no caso de perfuração do trato gastrintestinal.,Bulário.xlsx,Cópia de Página1,206,dog,40-125mg/kg/8h - Via Oral.,ORAL
205,Simeticone/Dimeticone,"Utilizado como antiflatulento. É indicada também para o alívio do excesso de gases no aparelho gastrintestinal, meteorismo, eructação e borborigmos. Utilizado para o preparo pré exame ultrassonográfico.",Não fazer a utilização no caso de perfuração do trato gastrintestinal.,Bulário.xlsx,Cópia de Página1,206,cat,40-125mg/kg/8h - Via Oral.,ORAL
206,Sorbitol,Utilizado como diurético osmótico contra as condições agudas e como adjuvante no tratamento de alterações gastrointestinais.,Não utilizar em pacientes que apresentam anúria. Avaliar risco benefício em gestantes.,Bulário.xlsx,Cópia de Página1,207,dog,"1,5-3ml (sol. 50%)/kg - Via Oral.",ORAL
206,Sorbitol,Utilizado como diurético osmótico contra as condições agudas e como adjuvante no tratamento de alterações gastrointestinais.,Não utilizar em pacientes que apresentam anúria. Avaliar risco benefício em gestantes.,Bulário.xlsx,Cópia de Página1,207,cat,"1,5-3ml (sol. 50%)/kg - Via Oral.",ORAL
207,Streptococcus Thermophilus,"Probiótico utilizado para manter o equilíbrio da flora intestinal, promover a eliminação de bactérias patogênicas, atuar como anti-inflamatório e prevenir diarréias.","Probióticos devem ser utilizados com cautela em animais que apresentam síndrome do intestino curto, imunocomprometidos e idosos.",Bulário.xlsx,Cópia de Página1,208,dog,"(Animais de pequeno porte) 16,600,000 UFC/animal/24h (Animais de grande ou médio porte) 33.300.000 UFC/animal/24h - Via Oral",ORAL
207,Streptococcus Thermophilus,"Probiótico utilizado para manter o equilíbrio da flora intestinal, promover a eliminação de bactérias patogênicas, atuar como anti-inflamatório e prevenir diarréias.","Probióticos devem ser utilizados com cautela em animais que apresentam síndrome do intestino curto, imunocomprometidos e idosos.",Bulário.xlsx,Cópia de Página1,208,cat,"16,600,000 UFC/animal/24h - Via Oral.",ORAL
208,Sucralfato,Antiácido e protetor utilizado no tratamento de ulcerações gastrointestinais.,Utilizar com cautela em pacientes que apresentam o trânsito intestinal diminuído.,Bulário.xlsx,Cópia de Página1,209,dog,25-50mg/kg/6-12h - Via Oral.,ORAL
208,Sucralfato,Antiácido e protetor utilizado no tratamento de ulcerações gastrointestinais.,Utilizar com cautela em pacientes que apresentam o trânsito intestinal diminuído.,Bulário.xlsx,Cópia de Página1,209,cat,25-50mg/kg/6-12h - Via Oral.,ORAL
209,Sucupira,Fitoterápico com ação anti-inflamatória e analgésica.,Não há evidências. Não deve ser utilizado em felinos.,Bulário.xlsx,Cópia de Página1,210,dog,7mg/kg/24h - Via Oral,ORAL
210,Sulfadimetoxina,Antibiótico com ação bacteriostática para combater bactérias Gram-positivas e Gram-negativas.,"Não utilizar em pacientes que apresentam hipersensibilidade as sulfonamidas, gestantes e lactantes. Utilizar com cautela em pacientes portadores de insuficiência renal ou hepática.",Bulário.xlsx,Cópia de Página1,211,dog,"27,5mg/kg/12-24h - Via Oral.",ORAL
210,Sulfadimetoxina,Antibiótico com ação bacteriostática para combater bactérias Gram-positivas e Gram-negativas.,"Não utilizar em pacientes que apresentam hipersensibilidade as sulfonamidas, gestantes e lactantes. Utilizar com cautela em pacientes portadores de insuficiência renal ou hepática.",Bulário.xlsx,Cópia de Página1,211,cat,"27,5mg/kg/12-24h - Via Oral.",ORAL
211,Sulfato de Zinco,"Nutracêutico utilizado para estimular o apetite, utilizado também como antisséptico e para o tratamento da intoxicação por cobre, fibrose hepática e dermatites responsivas ao zinco.",Não utilizar em gestantes.,Bulário.xlsx,Cópia de Página1,212,dog,(Zinco elementar) 5-10mg/kg/24h - Via Oral (Estimulante do apetite) 1mg/kg/24h - Via Oral.,ORAL
211,Sulfato de Zinco,"Nutracêutico utilizado para estimular o apetite, utilizado também como antisséptico e para o tratamento da intoxicação por cobre, fibrose hepática e dermatites responsivas ao zinco.",Não utilizar em gestantes.,Bulário.xlsx,Cópia de Página1,212,cat,(Zinco elementar) 5-10mg/kg/24h - Via Oral (Estimulante do apetite) 1mg/kg/24h - Via Oral.,ORAL
212,Sulfeto de selênio,"Queratolítico, queratoplástico, desengordurante, antifúngico e antisséptico.",Não utilizar em pacientes gestantes e em pacientes que apresentam reações inflamatórias aguda no local. Não utilizar em felinos.,Bulário.xlsx,Cópia de Página1,213,dog,"1-2,5% - Uso tópico.",
213,Tansulosina,Adrenérgico utilizado como relaxante das vias urinárias. Indicado também para o tratamento dos sintomas da hiperplasia prostática benigna.,"Não utilizar em pacientes que apresentam hipersensibilidade, pacientes com histórico de queda de pressão e aqueles que fazem uso de medicamento que sobrecarrega o fígado (exemplo: cetoconazol).",Bulário.xlsx,Cópia de Página1,214,dog,"0,01mg/kg/24h - Via oral",ORAL
213,Tansulosina,Adrenérgico utilizado como relaxante das vias urinárias. Indicado também para o tratamento dos sintomas da hiperplasia prostática benigna.,"Não utilizar em pacientes que apresentam hipersensibilidade, pacientes com histórico de queda de pressão e aqueles que fazem uso de medicamento que sobrecarrega o fígado (exemplo: cetoconazol).",Bulário.xlsx,Cópia de Página1,214,cat,"0,04-0,06mg/kg/12-24h - Via oral",ORAL
214,Taurina,Nutracêutico utilizado para o tratamento de problemas cardíacos e oculares causados pela deficiência de taurina. Oferece suporte ao fluxo sanguíneo saudável e é antioxidante.,Não há relatos.,Bulário.xlsx,Cópia de Página1,215,dog,10mg/kg/24h - Via oral,ORAL
214,Taurina,Nutracêutico utilizado para o tratamento de problemas cardíacos e oculares causados pela deficiência de taurina. Oferece suporte ao fluxo sanguíneo saudável e é antioxidante.,Não há relatos.,Bulário.xlsx,Cópia de Página1,215,cat,10mg/kg/24h - Via oral,ORAL
215,TCM,Veículo para administração de alta concentração calórica ou para aumentar a absorção de vitaminas lipossolúveis.,"Contraindicado em animais que apresentam casos específicos de diabetes descompensada, acidose e cirrose hepática.",Bulário.xlsx,Cópia de Página1,216,dog,QSP,
215,TCM,Veículo para administração de alta concentração calórica ou para aumentar a absorção de vitaminas lipossolúveis.,"Contraindicado em animais que apresentam casos específicos de diabetes descompensada, acidose e cirrose hepática.",Bulário.xlsx,Cópia de Página1,216,cat,QSP,
216,Terbinafina,"Antifúngico. Inibidor da síntese de ergosterol, tem ação fungicida ceratinofílico, altamente lipofílico contra dermatófitos e fungistático contra leveduras. Sendo assim, quando administrada por via oral é rapidamente absorvida e captada pela pele, unha e tecido adiposo. E quando utilizada por via tópica tem facilidade para penetrar na pele e nas mucosas.",Utilizar com cautela em lactantes. Fazer ajuste de doses em portadores de hepatopatias ou nefropatias severas.,Bulário.xlsx,Cópia de Página1,217,dog,10-30mg/kg/24h - Via Oral. 1% - Uso Tópico.,ORAL
216,Terbinafina,"Antifúngico. Inibidor da síntese de ergosterol, tem ação fungicida ceratinofílico, altamente lipofílico contra dermatófitos e fungistático contra leveduras. Sendo assim, quando administrada por via oral é rapidamente absorvida e captada pela pele, unha e tecido adiposo. E quando utilizada por via tópica tem facilidade para penetrar na pele e nas mucosas.",Utilizar com cautela em lactantes. Fazer ajuste de doses em portadores de hepatopatias ou nefropatias severas.,Bulário.xlsx,Cópia de Página1,217,cat,10-30mg/kg/24h - Via Oral. 1% - Uso Tópico.,ORAL
217,Timomodulina,"Imunorregulador e estimulante do sistema imunológico, adjuvante no tratamento e na prevenção de infecções virais e bacterianas e infecções das vias respiratórias,",Não deve ser utilizado em gestantes e lactantes.,Bulário.xlsx,Cópia de Página1,218,dog,"1,5-2mg/kg/12h - Via Oral.",ORAL
217,Timomodulina,"Imunorregulador e estimulante do sistema imunológico, adjuvante no tratamento e na prevenção de infecções virais e bacterianas e infecções das vias respiratórias,",Não deve ser utilizado em gestantes e lactantes.,Bulário.xlsx,Cópia de Página1,218,cat,"1,5-2mg/kg/12h - Via Oral.",ORAL
218,Tintura de echinácea,"Antifúngica, bacteriostática e regeneradora tecidual.",Não há relatos.,Bulário.xlsx,Cópia de Página1,219,dog,1-5% - Uso tópico,
218,Tintura de echinácea,"Antifúngica, bacteriostática e regeneradora tecidual.",Não há relatos.,Bulário.xlsx,Cópia de Página1,219,cat,1-5% - Uso tópico,
219,Torasemida,Diurético com efeito prolongado e com a estrutura semelhante aos diuréticos da alça de Henle.,"Não deve ser utilizado em gestantes, lactantes, filhotes, animais que apresentam hipersensibilidade ao ativo e aos ativos dos grupos das sulfonilureias. Cães portadores de insuficiência renal, hipovolêmicos e hipotensos.",Bulário.xlsx,Cópia de Página1,220,dog,"0,2-0,3mg/kg/8-12h - Via Oral.",ORAL
219,Torasemida,Diurético com efeito prolongado e com a estrutura semelhante aos diuréticos da alça de Henle.,"Não deve ser utilizado em gestantes, lactantes, filhotes, animais que apresentam hipersensibilidade ao ativo e aos ativos dos grupos das sulfonilureias. Cães portadores de insuficiência renal, hipovolêmicos e hipotensos.",Bulário.xlsx,Cópia de Página1,220,cat,"0,2-0,3mg/kg/8-12h - Via Oral.",ORAL
220,Tramadol,"Analgésico de ação central utilizado no tratamento e no controle da dor leve a moderada, medicação pós-operatória e no trauma torácico. MEDICAMENTO CONTROLADO","Não utilizar em pacientes que apresentam hipersensibilidade ao ativo, aqueles com a função respiratória comprometida e que façam uso de antidepressivos, portadores de nefropatas, hepatopatas e animais idosos. Avaliar risco benefício em gestantes e lactantes.",Bulário.xlsx,Cópia de Página1,221,dog,1-2mg/kg/6-8h - Via Oral.,ORAL
220,Tramadol,"Analgésico de ação central utilizado no tratamento e no controle da dor leve a moderada, medicação pós-operatória e no trauma torácico. MEDICAMENTO CONTROLADO","Não utilizar em pacientes que apresentam hipersensibilidade ao ativo, aqueles com a função respiratória comprometida e que façam uso de antidepressivos, portadores de nefropatas, hepatopatas e animais idosos. Avaliar risco benefício em gestantes e lactantes.",Bulário.xlsx,Cópia de Página1,221,cat,1-2mg/kg/6-8h - Via Oral.,ORAL
221,Triancinolona acetonido,"Anti-inflamatório, adrenocorticóide e imunossupressor. Indicado para tratar patologias endócrinas, artrite reumática, asma, doenças dermatológicas e alérgicas, trombocitopenias, anemias hemolíticas auto-imunes, neoplasias e síndrome nefrótica.","Não utilizar em pacientes gestantes, animais em crescimento, portadores de trombocitopenia idiopática, micoses profundas ou processos cicatriciais, principalmente aqueles envolvendo córnea e ossos.",Bulário.xlsx,Cópia de Página1,222,dog,"0,11-,022mg/kg/24h - Via Oral. 0,01-0,015%/animal - Uso Tópico.",ORAL
221,Triancinolona acetonido,"Anti-inflamatório, adrenocorticóide e imunossupressor. Indicado para tratar patologias endócrinas, artrite reumática, asma, doenças dermatológicas e alérgicas, trombocitopenias, anemias hemolíticas auto-imunes, neoplasias e síndrome nefrótica.","Não utilizar em pacientes gestantes, animais em crescimento, portadores de trombocitopenia idiopática, micoses profundas ou processos cicatriciais, principalmente aqueles envolvendo córnea e ossos.",Bulário.xlsx,Cópia de Página1,222,cat,"0,11-,022mg/kg/24h - Via Oral. 0,01-0,015%/animal - Uso Tópico.",ORAL
222,Trilostano,Esteroide sintético que inibe a síntese cortisol utilizado para o tratamento de hiperadrenocorticismo (HAC) oou Síndrome de Cushing.,Utilizar com cautela em portadores de insuficiência renal ou hepática. Não utilizar em gestantes e lactantes. Não administrar com medicamentos inibidores da ECA.,Bulário.xlsx,Cópia de Página1,223,dog,2-10mg/kg/12-24h - Via Oral. (Casos severos) 50mg/kg/12h - Via Oral.,ORAL
222,Trilostano,Esteroide sintético que inibe a síntese cortisol utilizado para o tratamento de hiperadrenocorticismo (HAC) oou Síndrome de Cushing.,Utilizar com cautela em portadores de insuficiência renal ou hepática. Não utilizar em gestantes e lactantes. Não administrar com medicamentos inibidores da ECA.,Bulário.xlsx,Cópia de Página1,223,cat,7mg/kg/12-24h - Via Oral.,ORAL
223,Triptofano,"Aminoácido precursor da seretonina. Utilizado para o tratamento da redução do strees, agressividade, medo excessivo, dermatite psicogênica e hiperatividade.",Não utilizar em pacientes que fazem uso de outros neuro regulaadores.,Bulário.xlsx,Cópia de Página1,224,dog,3mg/kg/12-24h - Via Oral.,ORAL
223,Triptofano,"Aminoácido precursor da seretonina. Utilizado para o tratamento da redução do strees, agressividade, medo excessivo, dermatite psicogênica e hiperatividade.",Não utilizar em pacientes que fazem uso de outros neuro regulaadores.,Bulário.xlsx,Cópia de Página1,224,cat,3mg/kg/12-24h - Via Oral.,ORAL
224,Tris EDTA,"Soluçao tampão composta por hidroximetil-aminometano e ácido etileno diamino tetra acético, tem ação antimicrobiana e potencializadora de antibióticos, tais como quinolonas e aminoglicosídeos. Utilizado para veiculação de outros ativos de uso dermatológico, otológico ou vesical.",Não há relatos.,Bulário.xlsx,Cópia de Página1,225,dog,5-10% ou como base para otológico - Uso tópico e Otológico.,
224,Tris EDTA,"Soluçao tampão composta por hidroximetil-aminometano e ácido etileno diamino tetra acético, tem ação antimicrobiana e potencializadora de antibióticos, tais como quinolonas e aminoglicosídeos. Utilizado para veiculação de outros ativos de uso dermatológico, otológico ou vesical.",Não há relatos.,Bulário.xlsx,Cópia de Página1,225,cat,5-10% ou como base para otológico - Uso tópico e Otológico.,
225,Unha de gato pó,"Diurético, provoca aumento dos níveis de estradiol, prolactina e leucócitos. O seu mecanismo oxidante, causa u efeito nefroprotetor.",Não há relatos.,Bulário.xlsx,Cópia de Página1,226,dog,40-100mg/kg/24h - Via Oral.,ORAL
225,Unha de gato pó,"Diurético, provoca aumento dos níveis de estradiol, prolactina e leucócitos. O seu mecanismo oxidante, causa u efeito nefroprotetor.",Não há relatos.,Bulário.xlsx,Cópia de Página1,226,cat,40-100mg/kg/24h - Via Oral.,ORAL
226,Ureia,"Queratolítica, hidratante e antibacteriana.",Não deve ser utilizado em animais gestantes e lactantes.,Bulário.xlsx,Cópia de Página1,227,dog,"2-20% - Uso Tópico. Soluções até 2% são usadas em compressas para ferimentos, para limpeza e estimular a cicatrização. Até 10% é hidratante em shampoos e cremes para calos.",
226,Ureia,"Queratolítica, hidratante e antibacteriana.",Não deve ser utilizado em animais gestantes e lactantes.,Bulário.xlsx,Cópia de Página1,227,cat,"2-20% - Uso Tópico. Soluções até 2% são usadas em compressas para ferimentos, para limpeza e estimular a cicatrização. Até 10% é hidratante em shampoos e cremes para calos.",
227,Valeriana ext seco,Inibidor do sistema enzimático resposável pelo catabolismo do GABA e calmante natural.,"Não utilizar em pacientes grávidas, lactantes e pacientes filhotes.",Bulário.xlsx,Cópia de Página1,228,dog,1-4mg/kg/12h - Via Oral.,ORAL
227,Valeriana ext seco,Inibidor do sistema enzimático resposável pelo catabolismo do GABA e calmante natural.,"Não utilizar em pacientes grávidas, lactantes e pacientes filhotes.",Bulário.xlsx,Cópia de Página1,228,cat,1-4mg/kg/12h - Via Oral.,ORAL
228,Vanádio,"Utilizado para diminuir de colesterol, triglicérides, ajuda manter os níveis de glicemia em níveis fisiologicos.",Utilizar com cautela em nefropatas.,Bulário.xlsx,Cópia de Página1,229,dog,2mcg/kg/24h - Via Oral,ORAL
228,Vanádio,"Utilizado para diminuir de colesterol, triglicérides, ajuda manter os níveis de glicemia em níveis fisiologicos.",Utilizar com cautela em nefropatas.,Bulário.xlsx,Cópia de Página1,229,cat,1mg/animal/24h - Via Oral,ORAL
229,Vitamina A,"Vitamina responsável pela formação e manutenção da pele e mucosas, desenvolvimento do sistema nervoso, das funções reprodutivas e dos embriões.",Não há relatos.,Bulário.xlsx,Cópia de Página1,230,dog,400ui/kg/24h - Via Oral.,ORAL
229,Vitamina A,"Vitamina responsável pela formação e manutenção da pele e mucosas, desenvolvimento do sistema nervoso, das funções reprodutivas e dos embriões.",Não há relatos.,Bulário.xlsx,Cópia de Página1,230,cat,400ui/kg/24h - Via Oral.,ORAL
230,Vitamina B1 (Tiamina),"Atua na tranformação de carboidratos em lípidos e glicose em gorduras. É indicada na manutenção do apetite e da flexibilidade e de firmeza do músculo, para o crescimento e para a reprodução dos animais.",Não utilizar em gestantes. Utilizar com cautela em animais portadores de patologias auto-imunes ou pulmonares e alterações cardíacas graves.,Bulário.xlsx,Cópia de Página1,231,dog,2-4mg/kg/24h - Via Oral.,ORAL
230,Vitamina B1 (Tiamina),"Atua na tranformação de carboidratos em lípidos e glicose em gorduras. É indicada na manutenção do apetite e da flexibilidade e de firmeza do músculo, para o crescimento e para a reprodução dos animais.",Não utilizar em gestantes. Utilizar com cautela em animais portadores de patologias auto-imunes ou pulmonares e alterações cardíacas graves.,Bulário.xlsx,Cópia de Página1,231,cat,2-4mg/kg/24h - Via Oral.,ORAL
231,Vitamina B12 (Cianocobalamina),"Realiza a síntese de ácidos nucléicos e outras vias metabólicas. É indicada para revitalizar e restaurar as forças durante o período de crescimento, ajuda a recuperar o peso e o apetite.",Não utilizar em gestantes. Utilizar com cautela em animais portadores de patologias auto-imunes ou pulmonares e alterações cardíacas graves.,Bulário.xlsx,Cópia de Página1,232,dog,100-200mcg/animal/24h - Via Oral.,ORAL
231,Vitamina B12 (Cianocobalamina),"Realiza a síntese de ácidos nucléicos e outras vias metabólicas. É indicada para revitalizar e restaurar as forças durante o período de crescimento, ajuda a recuperar o peso e o apetite.",Não utilizar em gestantes. Utilizar com cautela em animais portadores de patologias auto-imunes ou pulmonares e alterações cardíacas graves.,Bulário.xlsx,Cópia de Página1,232,cat,50-100mcg/animal/24h - Via Oral,ORAL
232,Vitamina B2 (Riboflavina),Utilizada para o metabolismo energético e para a reação de oxirredução. Indicada para a potencialização da qualidade da pele e pelagem do animal.,"Não utilizar em gestantes. Utilizar com cautela em pacientes portadores de patologias auto-imunes, pulmonares ou alterações cardíacas graves.",Bulário.xlsx,Cópia de Página1,233,dog,2-4mg/kg/24h - Via Oral.,ORAL
232,Vitamina B2 (Riboflavina),Utilizada para o metabolismo energético e para a reação de oxirredução. Indicada para a potencialização da qualidade da pele e pelagem do animal.,"Não utilizar em gestantes. Utilizar com cautela em pacientes portadores de patologias auto-imunes, pulmonares ou alterações cardíacas graves.",Bulário.xlsx,Cópia de Página1,233,cat,2-4mg/kg/24h - Via Oral.,ORAL
233,Vitamina B3 (niacina/nicotinamida),"É um importante sistema enzimático necessário para a respiração celular, também participa da metabolização de carboidratos, lipídios e proteínas. Utilizado como imunossupressor.","Não utilizar em gestantes. Utilizar com cautela em pacientes portadores de patologias auto-imunes, pulmonares ou alterações cardíacas graves.",Bulário.xlsx,Cópia de Página1,234,dog,5-10mg/kg/8h (Três vezes ao dia) - Via Oral.,ORAL
233,Vitamina B3 (niacina/nicotinamida),"É um importante sistema enzimático necessário para a respiração celular, também participa da metabolização de carboidratos, lipídios e proteínas. Utilizado como imunossupressor.","Não utilizar em gestantes. Utilizar com cautela em pacientes portadores de patologias auto-imunes, pulmonares ou alterações cardíacas graves.",Bulário.xlsx,Cópia de Página1,234,cat,5-10mg/kg/8h (Três vezes ao dia) - Via Oral.,ORAL
234,Vitamina B5 (Panototenato de cálcio),Enzima protetora. Utilizada como coadjuvante no tratamento de alopecias.,"Não utilizar em gestantes. Utilizar com cautela em pacientes portadores de patologias auto-imunes, pulmonares ou alterações cardíacas graves.",Bulário.xlsx,Cópia de Página1,235,dog,"0,5-5mg/kg/24h - Via Oral.",ORAL
234,Vitamina B5 (Panototenato de cálcio),Enzima protetora. Utilizada como coadjuvante no tratamento de alopecias.,"Não utilizar em gestantes. Utilizar com cautela em pacientes portadores de patologias auto-imunes, pulmonares ou alterações cardíacas graves.",Bulário.xlsx,Cópia de Página1,235,cat,"0,5-5mg/kg/24h - Via Oral.",ORAL
235,Vitamina B6 (Piridoxina),"Atua na metabolização de carboidratos, gorduras, proteínas e aminoácidos. É fundamental na dieta de animais em fase de crescimento ou de reprodução.","Não utilizar em gestantes Utilizar com cautela em pacientes portadores de patologias auto-imunes, pulmonares ou alterações cardíacas graves.",Bulário.xlsx,Cópia de Página1,236,dog,40-100mg/animal/8-12h - Via Oral.,ORAL
235,Vitamina B6 (Piridoxina),"Atua na metabolização de carboidratos, gorduras, proteínas e aminoácidos. É fundamental na dieta de animais em fase de crescimento ou de reprodução.","Não utilizar em gestantes Utilizar com cautela em pacientes portadores de patologias auto-imunes, pulmonares ou alterações cardíacas graves.",Bulário.xlsx,Cópia de Página1,236,cat,(prevenção de cálculos de oxalato) 4-8mg/kg/alimento,
236,Vitamina C (Ácido Ascorbico),"Utilizado na formação de colágeno, age como antioxidante e indicada na cicatrização de feridas.",Não há relatos.,Bulário.xlsx,Cópia de Página1,237,dog,3mg/kg/24h - Via Oral.,ORAL
236,Vitamina C (Ácido Ascorbico),"Utilizado na formação de colágeno, age como antioxidante e indicada na cicatrização de feridas.",Não há relatos.,Bulário.xlsx,Cópia de Página1,237,cat,10mg/kg/24h - Via Oral.,ORAL
237,Vitamina D3 (Colecalciferol),Utilizado como antioxidante e como fortalecedor da barreira protetora de pele.,"Não utilizar em pacientes filhotes, portadores de hipercalemia, doença renal e urolitíase.",Bulário.xlsx,Cópia de Página1,238,dog,100ui/kg/24h - Via Oral.,ORAL
237,Vitamina D3 (Colecalciferol),Utilizado como antioxidante e como fortalecedor da barreira protetora de pele.,"Não utilizar em pacientes filhotes, portadores de hipercalemia, doença renal e urolitíase.",Bulário.xlsx,Cópia de Página1,238,cat,100ui/kg/24h - Via Oral.,ORAL
238,Vitamina E em óleo (Tocoferol),"Antioxidante utilizado para proteger os lípidios da membrana eritrocitária da reação de peroxidação, com a finalidade de impedir a destruição desta membrana e a hemólise dos eritrócitos. Quando usado topicamente, tem a função antioxidante e de umectante.Podendo ser associada com as vitaminas A e D.","Não utilizar em pacientes em tratamento radioterápico e quimioterápico, em pacientes que fazem o uso de medicamentos antiplaqueários e anticoagulantes.",Bulário.xlsx,Cópia de Página1,239,dog,"5-10mg/kg/24h - Via Oral. 0,1-1% - Uso Tópico.",ORAL
238,Vitamina E em óleo (Tocoferol),"Antioxidante utilizado para proteger os lípidios da membrana eritrocitária da reação de peroxidação, com a finalidade de impedir a destruição desta membrana e a hemólise dos eritrócitos. Quando usado topicamente, tem a função antioxidante e de umectante.Podendo ser associada com as vitaminas A e D.","Não utilizar em pacientes em tratamento radioterápico e quimioterápico, em pacientes que fazem o uso de medicamentos antiplaqueários e anticoagulantes.",Bulário.xlsx,Cópia de Página1,239,cat,"5-10mg/kg/24h - Via Oral. 0,1-1% - Uso Tópico.",ORAL
239,Vitamina E pó (Tocoferol),"Antioxidante utilizado para proteger os lípidios da membrana eritrocitária da reação de peroxidação, com a finalidade de impedir a destruição desta membrana e a hemólise dos eritrócitos.","Não utilizar em pacientes em tratamento radioterápico e quimioterápico, em pacientes que fazem o uso de medicamentos antiplaqueários e anticoagulantes.",Bulário.xlsx,Cópia de Página1,240,dog,5-10mg/kg/24h - Via Oral.,ORAL
239,Vitamina E pó (Tocoferol),"Antioxidante utilizado para proteger os lípidios da membrana eritrocitária da reação de peroxidação, com a finalidade de impedir a destruição desta membrana e a hemólise dos eritrócitos.","Não utilizar em pacientes em tratamento radioterápico e quimioterápico, em pacientes que fazem o uso de medicamentos antiplaqueários e anticoagulantes.",Bulário.xlsx,Cópia de Página1,240,cat,5-10mg/kg/24h - Via Oral.,ORAL
240,Vitamina K1,Vitamina essencial para a síntese de proteínas que asseguram a coagulação sanguínea.,Usar com cautela em gestantes.,Bulário.xlsx,Cópia de Página1,241,dog,"0,25-2,5mg/kg/24h ou doses divididas ao longo do dia- Via oral",ORAL
240,Vitamina K1,Vitamina essencial para a síntese de proteínas que asseguram a coagulação sanguínea.,Usar com cautela em gestantes.,Bulário.xlsx,Cópia de Página1,241,cat,"0,25-2,5mg/kg/24h ou doses divididas ao longo do dia- Via oral",ORAL
241,Vitamina K2 (Menaquinona),"Utilizado para auxiliar na regulação no metabolismo do cálcio, prevenindo patologias como a osteoporose e o desenvolvimento da mesma.",Não utilizar em gestantes e filhotes.,Bulário.xlsx,Cópia de Página1,242,dog,3mcg/kg/24h - Via Oral,ORAL
241,Vitamina K2 (Menaquinona),"Utilizado para auxiliar na regulação no metabolismo do cálcio, prevenindo patologias como a osteoporose e o desenvolvimento da mesma.",Não utilizar em gestantes e filhotes.,Bulário.xlsx,Cópia de Página1,242,cat,10mcg/kg/24h - Via Oral,ORAL
242,Yucca,"Fitoterápico rico em saponinas utilizado para a redução do odor fecal e para o tratamento de osteoartrite, tem ação anti-inflamatória e antioxidante.",Não há relatos.,Bulário.xlsx,Cópia de Página1,243,dog,25-200mg/kg/24h - Via Oral.,ORAL
242,Yucca,"Fitoterápico rico em saponinas utilizado para a redução do odor fecal e para o tratamento de osteoartrite, tem ação anti-inflamatória e antioxidante.",Não há relatos.,Bulário.xlsx,Cópia de Página1,243,cat,"6,25-50mg/kg/24h - Via Oral.",ORAL
243,Zeaxantina,"Carotenóide com ação antioxidante contra radicais livres. Presente em verduras verde escuras, legumes e frutas amarelas e vermelhas.",Não utilizar em gestantes e lactantes e animais filhotes.,Bulário.xlsx,Cópia de Página1,244,dog,Dosagem calculada de acordo com a necessidade do animal.,
243,Zeaxantina,"Carotenóide com ação antioxidante contra radicais livres. Presente em verduras verde escuras, legumes e frutas amarelas e vermelhas.",Não utilizar em gestantes e lactantes e animais filhotes.,Bulário.xlsx,Cópia de Página1,244,cat,Dosagem calculada de acordo com a necessidade do animal.,
244,Zinco,Utilizado para o tratamento patologias desmatológicas responsivas ao zinco em cães e para a suplementação alimentar. É utilizado também como agente antifibrótico em doenças hepáticas.,Não há relatos.,Bulário.xlsx,Cópia de Página1,245,dog,10mg/kg/24h - Via Oral.,ORAL
244,Zinco,Utilizado para o tratamento patologias desmatológicas responsivas ao zinco em cães e para a suplementação alimentar. É utilizado também como agente antifibrótico em doenças hepáticas.,Não há relatos.,Bulário.xlsx,Cópia de Página1,245,cat,(adjuvante no tratamento da lipidose hepática severa) 10mg/kg/24h - Via Oral.,ORAL
